1008,
1721,49.80
1737,58.59
1753,68.36
1753,75.20
1777,71.29
1785,73.24
1793,78.12
1805,83.98
1809,100.59
1824,169.92
1840,280.27
1840,166.02
1856,125.98
1871,109.37
1887,100.59
1887,83.98
1902,71.29
1918,66.41
1918,63.48
1937,59.57
1937,53.71
1953,52.73
1969,49.80
1969,48.83
1984,46.88
2000,43.95
2000,42.97
2015,41.99
2031,44.92
2040,43.95
2040,47.85
2056,54.69
2072,74.22
2087,71.29
2087,82.03
2103,115.23
2119,288.09
2119,189.45
2134,132.81
2150,114.26
2165,101.56
2165,88.87
2181,74.22
2197,68.36
2197,62.50
2212,59.57
2228,55.66
2228,53.71
2248,51.76
2260,49.80
2272,46.88
2280,43.95
2292,43.95
2300,42.97
2305,43.95
2320,42.97
2320,45.90
2336,52.73
2354,71.29
2366,70.31
2374,78.12
2378,98.63
2394,250.00
2394,234.38
2409,140.63
2425,120.12
2441,102.54
2441,94.73
2456,80.08
2472,69.34
2472,64.45
2487,61.52
2503,57.62
2503,54.69
2519,52.73
2534,50.78
2534,48.83
2550,44.92
2571,43.95
2578,43.95
2578,43.95
2594,42.97
2610,44.92
2610,49.80
2625,63.48
2641,72.27
2651,76.17
2665,90.82
2669,207.03
2685,278.32
2685,151.37
2701,123.05
2716,106.45
2716,100.59
2732,82.03
2747,72.27
2764,64.45
2776,61.52
2785,57.62
2785,54.69
2800,51.76
2816,50.78
2816,47.85
2832,44.92
2832,42.97
2847,43.95
2863,43.95
2878,43.95
2878,44.92
2894,48.83
2910,59.57
2910,74.22
2925,75.20
2941,85.94
2941,154.30
2957,279.30
2972,166.99
2988,125.00
2988,107.42
3003,100.59
3019,83.01
3019,72.27
3035,66.41
3050,63.48
3050,59.57
3066,55.66
3082,51.76
3082,51.76
3097,49.80
3113,45.90
3113,43.95
3128,43.95
3144,43.95
3144,43.95
3160,43.95
3176,47.85
3189,55.66
3195,75.20
3200,71.29
3215,83.01
3231,124.02
3231,285.16
3247,182.62
3262,129.88
3262,111.33
3287,102.54
3301,87.89
3301,74.22
3317,68.36
3333,62.50
3333,59.57
3348,53.71
3348,53.71
3364,50.78
3380,48.83
3394,46.88
3400,45.90
3404,44.92
3420,42.97
3435,42.97
3435,43.95
3451,45.90
3467,51.76
3467,72.27
3482,72.27
3482,79.10
3498,101.56
3513,262.70
3529,215.82
3545,134.77
3545,117.19
3560,102.54
3576,92.77
3576,78.12
3591,68.36
3607,63.48
3607,61.52
3631,55.66
3639,52.73
3645,52.73
3661,51.76
3661,47.85
3677,44.92
3692,43.95
3692,42.97
3708,43.95
3723,42.97
3723,43.95
3739,49.80
3755,68.36
3755,73.24
3775,76.17
3788,92.77
3797,226.56
3802,265.63
3817,145.51
3833,121.09
3833,106.45
3849,99.61
3864,81.05
3864,70.31
3880,63.48
3896,62.50
3896,57.62
3911,52.73
3927,49.80
3927,50.78
3947,47.85
3957,44.92
3970,41.99
3978,41.99
3978,42.97
3994,42.97
4010,44.92
4010,47.85
4025,60.55
4041,74.22
4041,75.20
4056,86.91
4072,155.27
4072,290.04
4088,164.06
4103,125.98
4119,109.37
4119,102.54
4135,84.96
4150,72.27
4150,66.41
4174,62.50
4179,59.57
4194,53.71
4194,51.76
4210,49.80
4226,48.83
4226,45.90
4241,42.97
4257,42.97
4257,41.99
4278,42.97
4290,43.95
4298,45.90
4303,55.66
4318,75.20
4318,73.24
4334,83.98
4349,120.12
4365,279.30
4365,183.59
4381,131.84
4396,112.30
4396,102.54
4412,85.94
4428,73.24
4443,67.38
4443,63.48
4459,60.55
4475,55.66
4475,51.76
4490,50.78
4490,48.83
4506,46.88
4521,42.97
4537,43.95
4537,43.95
4553,43.95
4568,43.95
4568,45.90
4590,53.71
4594,74.22
4610,70.31
4610,80.08
4625,99.61
4641,262.70
4641,239.26
4656,141.60
4672,120.12
4688,105.47
4688,93.75
4703,79.10
4719,68.36
4719,63.48
4735,61.52
4750,57.62
4750,53.71
4770,51.76
4782,50.78
4794,46.88
4802,41.99
4807,42.97
4822,41.99
4822,42.97
4838,43.95
4854,43.95
4869,48.83
4869,63.48
4885,74.22
4885,75.20
4900,87.89
4916,195.31
4916,279.30
4932,155.27
4947,124.02
4963,109.37
4979,101.56
4979,82.03
4994,71.29
4994,64.45
5010,62.50
5025,57.62
5041,52.73
5041,51.76
5057,51.76
5072,46.88
5072,42.97
5088,42.97
5088,41.99
5104,41.99
5119,42.97
5135,44.92
5135,47.85
5150,58.59
5166,75.20
5166,74.22
5182,83.98
5182,152.34
5197,290.04
5213,169.92
5229,127.93
5244,108.40
5258,102.54
5267,85.94
5276,72.27
5284,65.43
5299,63.48
5299,60.55
5315,55.66
5315,52.73
5330,49.80
5350,48.83
5358,45.90
5370,43.95
5379,42.97
5379,43.95
5394,43.95
5410,43.95
5410,45.90
5426,54.69
5441,73.24
5441,71.29
5457,82.03
5472,111.33
5488,284.18
5488,191.41
5504,133.79
5519,115.23
5519,100.59
5535,88.87
5551,73.24
5551,68.36
5574,62.50
5579,60.55
5594,56.64
5594,51.76
5610,51.76
5626,47.85
5626,44.92
5641,41.99
5657,42.97
5657,42.97
5672,42.97
5688,43.95
5688,45.90
5704,50.78
5719,70.31
5719,71.29
5735,79.10
5751,100.59
5766,260.74
5775,222.66
5791,136.72
5800,118.16
5800,103.52
5815,95.70
5831,78.12
5831,70.31
5847,64.45
5862,62.50
5862,57.62
5878,52.73
5894,51.76
5894,50.78
5909,46.88
5925,42.97
5925,42.97
5941,43.95
5956,43.95
5956,43.95
5972,44.92
5987,48.83
5987,64.45
6003,71.29
6019,77.15
6019,92.77
6034,216.80
6050,275.39
6065,150.39
6065,122.07
6081,105.47
6097,99.61
6097,82.03
6112,71.29
6128,65.43
6128,61.52
6144,58.59
6159,53.71
6175,50.78
6184,50.78
6196,48.83
6200,43.95
6216,42.97
6216,43.95
6231,41.99
6231,42.97
6247,43.95
6270,47.85
6276,57.62
6288,74.22
6296,75.20
6301,87.89
6316,153.32
6316,282.23
6332,166.02
6348,126.95
6363,110.35
6380,101.56
6388,85.94
6401,72.27
6401,66.41
6416,62.50
6416,58.59
6432,53.71
6448,51.76
6448,50.78
6463,49.80
6479,44.92
6495,43.95
6495,43.95
6510,42.97
6510,42.97
6526,42.97
6541,47.85
6541,54.69
6557,76.17
6573,74.22
6589,82.03
6601,119.14
6609,280.27
6614,189.45
6629,132.81
6645,113.28
6645,104.49
6661,87.89
6676,75.20
6676,68.36
6692,63.48
6707,60.55
6707,56.64
6723,53.71
6739,52.73
6739,49.80
6754,46.88
6770,43.95
6778,43.95
6792,41.99
6797,43.95
6813,43.95
6813,44.92
6828,50.78
6844,72.27
6844,72.27
6860,80.08
6875,100.59
6875,254.88
6891,216.80
6907,133.79
6922,118.16
6922,104.49
6938,92.77
6953,78.12
6953,67.38
6969,62.50
6985,59.57
6985,55.66
7000,51.76
7016,50.78
7016,49.80
7031,47.85
7047,44.92
7047,41.99
7063,41.99
7078,42.97
7078,41.99
7094,46.88
7110,50.78
7125,67.38
7125,72.27
7141,77.15
7141,91.80
7166,219.73
7178,267.58
7178,145.51
7194,123.05
7210,109.37
7210,99.61
7225,79.10
7241,69.34
7241,63.48
7266,61.52
7276,56.64
7284,53.71
7297,51.76
7297,49.80
7313,49.80
7313,43.95
7328,42.97
7344,42.97
7360,41.99
7370,42.97
7378,42.97
7378,47.85
7394,59.57
7409,74.22
7409,74.22
7425,83.98
7441,156.25
7441,278.32
7456,166.99
7472,128.91
7487,112.30
7487,102.54
7503,85.94
7519,71.29
7519,65.43
7534,61.52
7550,58.59
7550,54.69
7565,51.76
7581,50.78
7597,48.83
7597,45.90
7612,43.95
7612,41.99
7628,42.97
7644,42.97
7644,43.95
7659,47.85
7675,55.66
7691,74.22
7691,74.22
7706,82.03
7722,119.14
7722,280.27
7737,186.52
7753,133.79
7769,116.21
7778,102.54
7790,86.91
7799,75.20
7799,68.36
7815,62.50
7830,60.55
7830,54.69
7846,52.73
7861,51.76
7861,50.78
7877,46.88
7893,45.90
7893,43.95
7908,43.95
7924,43.95
7924,44.92
7940,47.85
7955,52.73
7955,72.27
7971,71.29
7987,79.10
7997,99.61
8009,255.86
8009,234.38
8025,139.65
8041,120.12
8056,104.49
8056,92.77
8072,77.15
8087,70.31
8087,63.48
8103,60.55
8119,57.62
8119,53.71
8134,52.73
8150,51.76
8150,46.88
8166,44.92
8181,42.97
8181,42.97
8197,43.95
8212,43.95
8212,45.90
8228,50.78
8244,63.48
8244,72.27
8259,75.20
8276,89.84
8288,208.98
8297,275.39
8297,152.34
8312,123.05
8328,108.40
8344,101.56
8344,81.05
8359,71.29
8375,64.45
8375,61.52
8391,57.62
8406,52.73
8406,51.76
8422,49.80
8437,47.85
8437,44.92
8453,43.95
8469,43.95
8469,43.95
8484,43.95
8500,44.92
8500,48.83
8516,58.59
8531,74.22
8531,73.24
8555,83.98
8567,165.04
8579,289.06
8579,165.04
8594,127.93
8610,112.30
8610,102.54
8626,84.96
8641,72.27
8641,67.38
8657,63.48
8673,60.55
8673,54.69
8688,51.76
8704,51.76
8719,48.83
8719,45.90
8735,43.95
8735,44.92
8751,42.97
8771,43.95
8779,44.92
8791,47.85
8796,57.62
8811,75.20
8811,75.20
8827,84.96
8843,133.79
8858,288.09
8858,177.73
8874,129.88
8890,111.33
8890,102.54
8905,85.94
8921,74.22
8921,68.36
8936,62.50
8952,59.57
8952,56.64
8968,52.73
8983,51.76
8983,49.80
8999,45.90
9015,43.95
9015,43.95
9030,42.97
9046,42.97
9046,43.95
9061,46.88
9077,51.76
9077,70.31
9093,73.24
9108,80.08
9124,105.47
9124,276.37
9140,203.13
9155,135.74
9155,116.21
9171,102.54
9187,91.80
9195,77.15
9211,69.34
9211,64.45
9226,59.57
9242,55.66
9242,53.71
9258,52.73
9274,48.83
9282,48.83
9294,45.90
9298,43.95
9313,44.92
9313,42.97
9329,44.92
9345,45.90
9345,49.80
9360,70.31
9376,72.27
9391,80.08
9397,94.73
9402,246.09
9417,252.93
9433,143.55
9433,122.07
9449,107.42
9464,98.63
9464,81.05
9480,70.31
9495,65.43
9495,62.50
9511,58.59
9527,53.71
9542,52.73
9542,50.78
9558,48.83
9558,44.92
9574,44.92
9596,43.95
9601,43.95
9613,43.95
9613,44.92
9629,50.78
9644,62.50
9644,75.20
9660,76.17
9675,88.87
9675,180.66
9691,287.11
9707,156.25
9722,125.00
9722,109.37
9738,100.59
9754,80.08
9754,70.31
9778,62.50
9787,58.59
9795,56.64
9795,52.73
9811,51.76
9826,50.78
9826,48.83
9842,45.90
9858,42.97
9873,41.99
9873,43.95
9889,42.97
9889,44.92
9904,47.85
9920,58.59
9936,75.20
9936,75.20
9951,83.01
9967,140.63
9967,287.11
9983,169.92
9998,126.95
10014,107.42
10014,101.56
10029,83.98
10045,72.27
10045,64.45
10061,57.62
10076,55.66
10076,51.76
10092,49.80
10108,47.85
10108,46.88
10123,43.95
10139,41.99
10139,40.04
10161,42.97
10173,42.97
10178,41.02
10178,46.88
10194,55.66
10210,76.17
10210,72.27
10225,82.03
10241,113.28
10257,286.13
10266,191.41
10278,133.79
10290,114.26
10294,100.59
10310,91.80
10310,73.24
10326,67.38
10341,60.55
10357,59.57
10365,56.64
10378,52.73
10378,50.78
10394,48.83
10394,44.92
10409,40.04
10425,41.99
10425,41.99
10441,42.97
10456,41.99
10472,45.90
10472,51.76
10488,70.31
10488,72.27
10503,78.12
10519,96.68
10519,252.93
10534,242.19
10550,140.63
10566,120.12
10566,104.49
10581,96.68
10597,80.08
10597,68.36
10613,63.48
10628,60.55
10644,55.66
10644,53.71
10659,51.76
10659,49.80
10675,47.85
10691,43.95
10691,42.97
10706,42.97
10722,41.99
10738,43.95
10738,44.92
10753,50.78
10753,65.43
10777,72.27
10789,76.17
10794,91.80
10810,202.15
10810,281.25
10825,153.32
10841,125.98
10856,109.37
10856,101.56
10872,82.03
10888,70.31
10888,63.48
10903,60.55
10919,56.64
10919,51.76
10935,49.80
10950,50.78
10950,46.88
10966,43.95
10982,42.97
10996,41.02
11003,41.99
11008,42.97
11023,43.95
11023,48.83
11039,59.57
11055,73.24
11070,75.20
11070,84.96
11086,164.06
11101,288.09
11101,164.06
11117,127.93
11133,109.37
11148,102.54
11148,83.98
11164,71.29
11180,64.45
11180,61.52
11195,57.62
11195,54.69
11211,51.76
11226,51.76
11242,46.88
11242,45.90
11258,42.97
11275,42.97
11283,42.97
11295,43.95
11301,42.97
11309,48.83
11309,56.64
11325,74.22
11340,74.22
11356,83.01
11356,130.86
11372,291.02
11387,175.78
11387,128.91
11403,109.37
11419,102.54
11434,85.94
11434,73.24
11450,65.43
11465,61.52
11465,58.59
11481,54.69
11497,52.73
11497,52.73
11512,48.83
11528,45.90
11528,43.95
11544,42.97
11559,41.99
11571,42.97
11576,44.92
11591,46.88
11591,53.71
11607,74.22
11623,72.27
11623,80.08
11638,108.40
11654,274.41
11654,198.24
11670,134.77
11685,113.28
11701,99.61
11701,91.80
11716,77.15
11732,68.36
11732,63.48
11748,60.55
11764,57.62
11772,53.71
11786,51.76
11790,50.78
11806,47.85
11806,45.90
11822,42.97
11837,42.97
11837,42.97
11853,43.95
11869,45.90
11869,50.78
11884,68.36
11900,70.31
11900,79.10
11915,96.68
11931,233.40
11947,257.81
11947,143.55
11962,120.12
11979,106.45
11987,98.63
11987,82.03
12003,69.34
12018,64.45
12018,60.55
12034,57.62
12050,52.73
12065,52.73
12065,51.76
12081,47.85
12081,42.97
12097,42.97
12112,42.97
12112,42.97
12128,43.95
12143,44.92
12159,47.85
12159,62.50
12180,73.24
12185,76.17
12198,86.91
12198,174.80
12214,287.11
12230,157.23
12245,125.00
12245,108.40
12261,101.56
12277,83.98
12290,71.29
12298,64.45
12307,60.55
12323,57.62
12323,54.69
12339,51.76
12339,51.76
12354,48.83
12370,45.90
12370,42.97
12393,42.97
12400,42.97
12415,43.95
12415,44.92
12431,48.83
12431,57.62
12447,75.20
12462,74.22
12478,84.96
12478,136.72
12494,291.02
12509,171.88
12509,128.91
12525,112.30
12540,103.52
12556,85.94
12556,74.22
12572,66.41
12590,62.50
12597,57.62
12610,54.69
12610,52.73
12626,52.73
12642,48.83
12642,45.90
12657,44.92
12657,42.97
12673,42.97
12688,43.95
12704,43.95
12704,46.88
12720,54.69
12735,75.20
12735,73.24
12751,82.03
12767,111.33
12775,275.39
12791,195.31
12792,132.81
12807,114.26
12823,99.61
12823,91.80
12839,75.20
12854,68.36
12854,62.50
12870,58.59
12885,54.69
12885,52.73
12901,50.78
12917,49.80
12917,46.88
12932,42.97
12948,42.97
12948,42.97
12964,41.99
12979,42.97
12979,45.90
12995,52.73
13010,67.38
13010,72.27
13026,79.10
13042,93.75
13042,229.49
13057,258.79
13073,145.51
13089,120.12
13089,106.45
13104,99.61
13120,80.08
13120,68.36
13135,62.50
13155,60.55
13161,56.64
13174,51.76
13178,51.76
13194,50.78
13194,47.85
13209,43.95
13225,42.97
13225,41.99
13240,42.97
13256,42.97
13269,44.92
13281,48.83
13290,60.55
13290,74.22
13306,75.20
13321,87.89
13321,174.80
13337,279.30
13353,157.23
13368,125.00
13375,107.42
13391,100.59
13391,82.03
13406,71.29
13406,63.48
13422,59.57
13437,56.64
13453,54.69
13453,51.76
13469,49.80
13484,47.85
13484,45.90
13500,42.97
13516,41.02
13516,42.97
13531,43.95
13547,44.92
13547,48.83
13562,57.62
13578,75.20
13578,75.20
13594,83.01
13609,137.70
13609,289.06
13625,170.90
13641,126.95
13656,108.40
13656,102.54
13672,85.94
13687,73.24
13687,67.38
13703,60.55
13719,57.62
13719,53.71
13734,52.73
13750,50.78
13750,48.83
13770,46.88
13786,42.97
13791,42.97
13806,41.99
13806,43.95
13822,43.95
13822,46.88
13837,53.71
13853,74.22
13853,71.29
13869,82.03
13884,114.26
13900,281.25
13900,189.45
13916,130.86
13931,114.26
13931,100.59
13947,89.84
13962,73.24
13979,67.38
13990,61.52
13998,59.57
14002,53.71
14018,52.73
14018,51.76
14034,49.80
14049,46.88
14049,44.92
14065,42.97
14081,42.97
14081,43.95
14096,43.95
14112,45.90
14112,52.73
14127,69.34
14143,71.29
14143,78.12
14159,95.70
14174,231.45
14191,245.12
14202,142.58
14211,120.12
14216,104.49
14231,96.68
14231,79.10
14247,69.34
14263,63.48
14263,58.59
14283,56.64
14298,51.76
14307,50.78
14307,50.78
14322,46.88
14338,44.92
14338,43.95
14354,42.97
14369,42.97
14369,42.97
14385,44.92
14401,49.80
14401,62.50
14416,74.22
14432,76.17
14432,88.87
14447,189.45
14463,286.13
14463,154.30
14479,124.02
14494,107.42
14510,102.54
14510,82.03
14526,72.27
14541,64.45
14541,60.55
14557,56.64
14572,53.71
14588,50.78
14588,50.78
14604,48.83
14604,46.88
14619,42.97
14635,43.95
14635,43.95
14651,41.99
14666,44.92
14682,48.83
14682,57.62
14697,75.20
14697,74.22
14713,84.96
14729,147.46
14744,284.18
14744,167.97
14768,127.93
14781,112.30
14787,103.52
14787,85.94
14803,72.27
14818,66.41
14834,61.52
14834,57.62
14849,54.69
14849,51.76
14865,51.76
14881,49.80
14881,46.88
14896,45.90
14912,43.95
14928,43.95
14928,42.97
14943,44.92
14959,46.88
14959,53.71
14974,73.24
14974,72.27
14990,83.01
15006,120.12
15021,279.30
15021,186.52
15037,131.84
15053,113.28
15068,101.56
15068,90.82
15084,75.20
15099,68.36
15099,62.50
15115,61.52
15131,56.64
15131,54.69
15146,52.73
15162,50.78
15162,46.88
15186,44.92
15187,44.92
15202,43.95
15202,43.95
15218,43.95
15234,45.90
15234,52.73
15249,74.22
15265,72.27
15277,78.12
15289,101.56
15290,267.58
15305,215.82
15321,135.74
15337,117.19
15337,103.52
15352,93.75
15368,77.15
15368,68.36
15388,63.48
15392,59.57
15408,55.66
15408,54.69
15423,52.73
15439,49.80
15439,46.88
15455,44.92
15470,43.95
15470,43.95
15486,41.99
15502,42.97
15502,45.90
15517,50.78
15533,68.36
15533,71.29
15548,78.12
15564,93.75
15580,239.26
15592,260.74
15601,145.51
15606,119.14
15621,106.45
15637,100.59
15637,81.05
15652,70.31
15668,64.45
15668,61.52
15684,55.66
15684,52.73
15699,52.73
15715,50.78
15731,48.83
15731,44.92
15746,43.95
15762,43.95
15762,43.95
15783,43.95
15793,46.88
15805,49.80
15806,65.43
15822,72.27
15837,76.17
15837,90.82
15853,193.36
15869,283.20
15869,154.30
15884,123.05
15900,107.42
15916,101.56
15916,82.03
15931,71.29
15947,63.48
15947,60.55
15962,57.62
15962,54.69
15978,51.76
15994,51.76
16009,48.83
16009,45.90
16025,44.92
16041,43.95
16041,43.95
16056,43.95
16056,44.92
16072,47.85
16087,58.59
16103,76.17
16103,75.20
16119,84.96
16134,147.46
16134,290.04
16160,166.99
16170,128.91
16179,112.30
16194,103.52
16194,86.91
16210,71.29
16226,66.41
16226,63.48
16241,59.57
16241,54.69
16266,52.73
16274,50.78
16287,49.80
16287,46.88
16303,44.92
16318,43.95
16318,43.95
16334,43.95
16349,43.95
16349,46.88
16370,56.64
16379,76.17
16379,74.22
16394,83.98
16410,122.07
16426,284.18
16426,181.64
16441,131.84
16457,111.33
16473,102.54
16473,87.89
16488,74.22
16504,67.38
16504,62.50
16519,58.59
16519,56.64
16535,52.73
16551,51.76
16566,49.80
16566,47.85
16582,43.95
16598,43.95
16598,42.97
16613,42.97
16613,41.99
16629,46.88
16644,53.71
16660,73.24
16660,72.27
16676,80.08
16691,103.52
16691,268.55
16707,210.94
16723,135.74
16738,117.19
16738,104.49
16754,92.77
16770,75.20
16778,67.38
16790,62.50
16803,59.57
16803,56.64
16819,54.69
16819,51.76
16834,50.78
16850,47.85
16866,43.95
16866,43.95
16881,42.97
16897,43.95
16897,43.95
16913,45.90
16913,51.76
16928,70.31
16944,70.31
16959,77.15
16959,95.70
16980,244.14
16992,249.02
17000,142.58
17016,121.09
17016,104.49
17032,98.63
17047,79.10
17047,69.34
17063,62.50
17079,59.57
17079,58.59
17094,53.71
17110,51.76
17110,50.78
17125,48.83
17141,45.90
17141,43.95
17157,42.97
17172,43.95
17172,43.95
17193,44.92
17206,49.80
17211,62.50
17211,74.22
17227,76.17
17242,87.89
17258,189.45
17258,286.13
17283,157.23
17292,125.00
17301,108.40
17301,103.52
17317,82.03
17333,72.27
17348,64.45
17348,60.55
17364,57.62
17364,54.69
17380,51.76
17395,51.76
17411,48.83
17411,45.90
17426,44.92
17442,42.97
17442,43.95
17458,43.95
17458,43.95
17473,48.83
17489,58.59
17505,76.17
17505,74.22
17520,85.94
17536,157.23
17536,281.25
17551,164.06
17567,125.98
17583,111.33
17583,102.54
17598,84.96
17614,72.27
17614,65.43
17630,62.50
17645,58.59
17645,53.71
17661,53.71
17676,52.73
17676,49.80
17692,46.88
17708,44.92
17708,43.95
17723,42.97
17739,43.95
17739,44.92
17762,47.85
17770,55.66
17782,73.24
17794,73.24
17803,83.98
17803,124.02
17819,280.27
17834,182.62
17834,131.84
17850,114.26
17866,103.52
17881,89.84
17881,73.24
17897,68.36
17912,62.50
17912,59.57
17928,55.66
17944,52.73
17944,51.76
17959,50.78
17975,45.90
17975,43.95
17991,43.95
18006,43.95
18006,43.95
18022,44.92
18037,46.88
18037,53.71
18053,71.29
18069,72.27
18069,81.05
18084,104.49
18100,276.37
18115,206.05
18115,135.74
18131,118.16
18147,103.52
18147,93.75
18162,76.17
18183,68.36
18187,62.50
18203,60.55
18203,55.66
18218,53.71
18234,51.76
18234,50.78
18250,46.88
18266,44.92
18278,43.95
18286,43.95
18298,43.95
18303,43.95
18318,46.88
18318,51.76
18334,70.31
18334,73.24
18349,77.15
18365,95.70
18381,228.52
18394,257.81
18394,143.55
18410,121.09
18425,107.42
18425,98.63
18441,81.05
18456,70.31
18456,62.50
18472,60.55
18488,57.62
18488,52.73
18503,51.76
18519,51.76
18519,48.83
18535,44.92
18550,43.95
18566,43.95
18566,41.99
18586,43.95
18591,45.90
18604,49.80
18604,61.52
18619,74.22
18635,76.17
18635,88.87
18651,185.55
18666,285.16
18682,155.27
18682,125.00
18698,109.37
18713,103.52
18729,82.03
18729,70.31
18744,63.48
18744,61.52
18760,57.62
18777,54.69
18791,51.76
18797,51.76
18801,49.80
18817,45.90
18817,43.95
18833,42.97
18848,42.97
18864,42.97
18864,43.95
18880,48.83
18895,58.59
18895,74.22
18911,76.17
18911,85.94
18926,153.32
18942,285.16
18958,166.99
18958,128.91
18973,110.35
18989,104.49
19005,86.91
19005,72.27
19020,66.41
19036,62.50
19036,59.57
19052,55.66
19067,51.76
19067,51.76
19083,49.80
19098,45.90
19098,44.92
19114,43.95
19130,42.97
19130,42.97
19151,43.95
19163,47.85
19169,54.69
19177,75.20
19193,72.27
19193,82.03
19208,114.26
19224,262.70
19240,183.59
19240,130.86
19260,111.33
19273,102.54
19285,86.91
19293,75.20
19302,67.38
19302,61.52
19317,58.59
19333,55.66
19333,52.73
19349,51.76
19365,49.80
19374,46.88
19378,43.95
19394,43.95
19409,43.95
19409,41.99
19425,43.95
19441,46.88
19441,52.73
19456,71.29
19472,72.27
19472,79.10
19487,100.59
19503,265.63
19503,213.87
19519,135.74
19534,118.16
19550,103.52
19550,92.77
19566,76.17
19581,68.36
19581,62.50
19597,59.57
19612,56.64
19612,53.71
19628,52.73
19644,49.80
19644,48.83
19659,43.95
19675,44.92
19675,42.97
19691,42.97
19706,44.92
19706,45.90
19722,50.78
19737,67.38
19737,71.29
19753,79.10
19773,93.75
19781,234.38
19793,261.72
19798,146.48
19813,122.07
19829,106.45
19829,98.63
19845,81.05
19860,69.34
19860,63.48
19876,61.52
19891,58.59
19891,52.73
19907,52.73
19923,50.78
19923,48.83
19938,44.92
19954,44.92
19954,43.95
19970,43.95
19986,41.99
19995,44.92
20007,48.83
20011,59.57
20026,74.22
20026,76.17
20042,85.94
20058,174.80
20058,289.06
20073,161.13
20089,127.93
20105,107.42
20105,102.54
20120,83.98
20136,72.27
20136,64.45
20151,61.52
20167,57.62
20167,56.64
20183,52.73
20198,52.73
20198,48.83
20214,44.92
20230,42.97
20230,43.95
20245,43.95
20261,44.92
20261,44.92
20286,50.78
20296,55.66
20300,76.17
20316,74.22
20316,82.03
20332,133.79
20347,290.04
20363,173.83
20363,129.88
20379,111.33
20394,101.56
20394,85.94
20410,73.24
20425,67.38
20425,62.50
20441,59.57
20457,54.69
20457,52.73
20472,51.76
20488,47.85
20488,45.90
20519,42.97
20519,42.97
20519,43.95
20553,43.95
20553,44.92
20561,47.85
20577,53.71
20577,73.24
20593,71.29
20593,81.05
20609,108.40
20624,275.39
20640,197.27
20640,133.79
20655,112.30
20671,100.59
20687,91.80
20687,75.20
20702,68.36
20702,62.50
20718,60.55
20734,57.62
20734,53.71
20749,52.73
20766,49.80
20778,45.90
20788,43.95
20796,43.95
20796,42.97
20812,43.95
20828,43.95
20828,45.90
20843,51.76
20859,70.31
20875,72.27
20875,77.15
20890,97.66
20890,244.14
20906,255.86
20921,144.53
20937,120.12
20953,104.49
20953,97.66
20968,79.10
20968,69.34
20984,64.45
21000,61.52
21000,57.62
21015,52.73
21031,52.73
21046,50.78
21046,48.83
21062,43.95
21062,43.95
21078,43.95
21093,43.95
21109,43.95
21109,43.95
21125,47.85
21140,62.50
21140,72.27
21156,75.20
21156,87.89
21171,181.64
21192,286.13
21197,159.18
21212,125.00
21228,108.40
21228,102.54
21244,83.01
21259,70.31
21259,64.45
21279,60.55
21293,58.59
21297,55.66
21313,52.73
21313,50.78
21329,48.83
21344,44.92
21344,41.99
21360,41.99
21376,41.99
21384,43.95
21397,43.95
21397,46.88
21413,58.59
21428,73.24
21428,75.20
21444,84.96
21460,143.55
21460,280.27
21475,170.90
21491,128.91
21506,109.37
21506,103.52
21522,86.91
21538,73.24
21538,67.38
21553,62.50
21569,59.57
21569,55.66
21592,52.73
21604,51.76
21609,49.80
21624,46.88
21624,44.92
21640,43.95
21640,41.99
21656,43.95
21671,43.95
21687,47.85
21687,54.69
21703,73.24
21718,72.27
21718,81.05
21734,109.37
21749,271.48
21749,199.22
21770,134.77
21785,114.26
21797,102.54
21797,88.87
21812,74.22
21828,68.36
21828,61.52
21844,59.57
21859,57.62
21859,52.73
21875,52.73
21890,50.78
21890,47.85
21906,44.92
21922,43.95
21922,42.97
21937,43.95
21953,43.95
21953,45.90
21969,52.73
21984,71.29
21984,72.27
22000,79.10
22015,95.70
22015,249.02
22031,248.05
22047,140.63
22062,120.12
22062,105.47
22078,98.63
22094,81.05
22094,70.31
22109,64.45
22125,59.57
22125,58.59
22140,52.73
22157,52.73
22170,51.76
22178,48.83
22178,45.90
22194,44.92
22209,43.95
22209,42.97
22225,43.95
22240,44.92
22240,49.80
22262,62.50
22271,75.20
22283,75.20
22291,86.91
22296,183.59
22312,281.25
22327,156.25
22327,124.02
22343,106.45
22359,99.61
22373,83.98
22377,70.31
22393,65.43
22393,60.55
22408,58.59
22424,55.66
22424,53.71
22439,50.78
22455,48.83
22455,45.90
22471,43.95
22486,43.95
22486,42.97
22502,43.95
22518,45.90
22518,48.83
22533,57.62
22549,76.17
22549,74.22
22564,81.05
22580,130.86
22596,282.23
22596,176.76
22611,127.93
22627,110.35
22627,101.56
22643,85.94
22658,72.27
22658,66.41
22674,61.52
22689,57.62
22689,54.69
22705,51.76
22721,50.78
22721,49.80
22736,47.85
22752,43.95
22768,43.95
22772,41.99
22784,43.95
22796,43.95
22798,46.88
22813,54.69
22829,72.27
22829,71.29
22845,81.05
22860,104.49
22860,268.55
22876,204.10
22892,134.77
22907,116.21
22907,103.52
22923,90.82
22939,77.15
22939,68.36
22954,62.50
22970,61.52
22970,56.64
22993,53.71
23001,50.78
23010,52.73
23010,47.85
23025,45.90
23041,42.97
23041,42.97
23057,43.95
23072,43.95
23072,45.90
23088,52.73
23104,69.34
23104,73.24
23119,79.10
23135,93.75
23135,240.23
23150,252.93
23166,144.53
23182,121.09
23197,104.49
23197,98.63
23213,80.08
23213,69.34
23228,64.45
23244,60.55
23260,57.62
23260,54.69
23276,51.76
23289,51.76
23297,48.83
23309,45.90
23314,43.95
23330,42.97
23330,43.95
23345,42.97
23361,44.92
23361,50.78
23376,61.52
23392,73.24
23392,75.20
23408,85.94
23423,174.80
23439,284.18
23439,158.20
23455,125.00
23470,106.45
23470,100.59
23486,83.98
23501,72.27
23517,63.48
23517,60.55
23533,57.62
23533,53.71
23558,52.73
23570,50.78
23578,48.83
23578,45.90
23594,43.95
23610,43.95
23610,42.97
23625,43.95
23641,44.92
23641,47.85
23656,56.64
23672,75.20
23672,74.22
23688,81.05
23703,140.63
23703,287.11
23719,172.85
23735,126.95
23750,110.35
23750,104.49
23774,86.91
23784,74.22
23793,68.36
23793,63.48
23809,59.57
23824,55.66
23824,53.71
23840,50.78
23856,50.78
23856,46.88
23871,44.92
23887,44.92
23887,43.95
23903,43.95
23918,43.95
23918,47.85
23934,55.66
23950,75.20
23950,71.29
23965,80.08
23981,111.33
23996,274.41
23996,194.34
24012,132.81
24028,115.23
24028,102.54
24043,90.82
24059,76.17
24074,68.36
24074,63.48
24090,60.55
24090,55.66
24106,54.69
24121,52.73
24121,49.80
24137,45.90
24153,44.92
24168,42.97
24168,43.95
24189,42.97
24193,44.92
24209,45.90
24209,51.76
24224,70.31
24240,72.27
24240,79.10
24255,94.73
24272,245.12
24284,242.19
24294,138.67
24294,119.14
24310,105.47
24326,95.70
24326,79.10
24341,70.31
24357,63.48
24357,61.52
24373,57.62
24393,54.69
24397,50.78
24413,51.76
24413,47.85
24429,43.95
24429,43.95
24444,42.97
24460,42.97
24475,42.97
24475,45.90
24491,49.80
24507,64.45
24507,73.24
24522,77.15
24522,88.87
24538,203.13
24553,271.48
24569,150.39
24585,122.07
24594,107.42
24605,102.54
24609,81.05
24625,72.27
24625,63.48
24640,60.55
24656,56.64
24672,52.73
24672,51.76
24687,49.80
24687,48.83
24703,45.90
24719,43.95
24734,42.97
24734,43.95
24750,43.95
24766,45.90
24774,48.83
24787,59.57
24792,76.17
24792,75.20
24808,83.98
24824,160.16
24839,282.23
24839,163.09
24855,125.00
24871,109.37
24871,103.52
24886,87.89
24902,74.22
24917,66.41
24917,61.52
24933,58.59
24933,53.71
24949,53.71
24964,50.78
24980,47.85
24980,45.90
24996,44.92
25011,42.97
25011,42.97
25027,43.95
25027,42.97
25042,46.88
25058,56.64
25074,74.22
25074,74.22
25089,81.05
25105,125.98
25105,283.20
25121,177.73
25136,129.88
25152,111.33
25162,102.54
25174,88.87
25179,73.24
25194,67.38
25194,62.50
25210,60.55
25226,55.66
25226,52.73
25241,52.73
25257,50.78
25270,46.88
25278,45.90
25290,43.95
25295,42.97
25311,43.95
25311,42.97
25326,46.88
25342,54.69
25342,74.22
25365,72.27
25370,82.03
25378,105.47
25393,273.44
25409,204.10
25409,135.74
25425,118.16
25440,104.49
25440,92.77
25456,76.17
25472,67.38
25472,61.52
25487,58.59
25503,53.71
25503,53.71
25519,52.73
25534,49.80
25534,46.88
25550,44.92
25565,43.95
25565,43.95
25581,41.99
25597,43.95
25597,45.90
25612,50.78
25628,70.31
25628,73.24
25643,80.08
25659,97.66
25675,237.30
25675,250.98
25690,143.55
25706,122.07
25706,105.47
25722,99.61
25737,79.10
25737,68.36
25753,64.45
25773,60.55
25781,57.62
25794,54.69
25794,52.73
25809,49.80
25809,48.83
25825,43.95
25841,43.95
25856,42.97
25856,42.97
25872,41.99
25888,44.92
25888,49.80
25903,62.50
25903,74.22
25919,75.20
25934,87.89
25950,183.59
25950,290.04
25966,156.25
25986,124.02
25994,107.42
26004,101.56
26020,83.98
26020,73.24
26036,64.45
26036,61.52
26051,57.62
26067,54.69
26067,54.69
26083,51.76
26098,48.83
26114,45.90
26114,44.92
26129,41.99
26129,43.95
26145,43.95
26161,45.90
26161,48.83
26176,58.59
26192,74.22
26208,74.22
26208,85.94
26223,153.32
26239,282.23
26239,165.04
26254,127.93
26271,110.35
26284,102.54
26293,84.96
26293,71.29
26308,67.38
26324,62.50
26340,59.57
26340,54.69
26355,52.73
26371,50.78
26371,49.80
26386,45.90
26386,44.92
26402,43.95
26418,42.97
26433,43.95
26433,44.92
26449,46.88
26465,54.69
26465,76.17
26480,72.27
26480,83.01
26496,119.14
26511,280.27
26527,185.55
26544,132.81
26552,114.26
26565,103.52
26574,89.84
26578,77.15
26594,67.38
26594,62.50
26609,59.57
26625,55.66
26625,53.71
26641,52.73
26656,50.78
26656,45.90
26672,43.95
26687,43.95
26687,43.95
26703,43.95
26719,43.95
26719,47.85
26734,54.69
26750,73.24
26750,72.27
26770,80.08
26786,100.59
26792,271.48
26808,209.96
26808,135.74
26823,117.19
26839,104.49
26855,92.77
26855,77.15
26870,68.36
26870,61.52
26886,60.55
26902,55.66
26917,53.71
26917,51.76
26933,49.80
26948,46.88
26948,45.90
26964,43.95
26964,42.97
26980,42.97
26995,43.95
27011,45.90
27011,50.78
27027,70.31
27042,71.29
27042,80.08
27058,94.73
27073,237.30
27073,263.67
27089,145.51
27105,121.09
27120,107.42
27120,100.59
27136,80.08
27152,69.34
27152,63.48
27167,60.55
27183,56.64
27192,55.66
27192,51.76
27207,51.76
27223,48.83
27223,45.90
27239,44.92
27254,43.95
27254,42.97
27275,43.95
27287,43.95
27295,49.80
27310,63.48
27310,75.20
27326,76.17
27342,91.80
27342,196.29
27357,283.20
27373,153.32
27373,123.05
27397,107.42
27397,101.56
27413,82.03
27429,71.29
27429,64.45
27444,59.57
27460,56.64
27460,54.69
27475,51.76
27491,49.80
27507,49.80
27507,44.92
27522,43.95
27522,43.95
27538,43.95
27554,42.97
27554,43.95
27569,48.83
27589,58.59
27601,73.24
27606,76.17
27611,84.96
27627,164.06
27642,286.13
27642,162.11
27658,125.00
27673,108.40
27673,104.49
27689,85.94
27705,72.27
27720,64.45
27720,62.50
27736,58.59
27752,54.69
27752,53.71
27772,51.76
27781,48.83
27792,44.92
27792,44.92
27807,43.95
27823,42.97
27823,42.97
27838,43.95
27854,47.85
27854,58.59
27870,74.22
27885,75.20
27885,81.05
27901,130.86
27917,291.99
27932,176.76
27932,128.91
27948,111.33
27963,104.49
27963,87.89
27979,75.20
27995,67.38
28010,62.50
28010,59.57
28026,56.64
28026,54.69
28042,52.73
28057,50.78
28057,46.88
28073,43.95
28088,43.95
28104,43.95
28104,43.95
28120,43.95
28120,46.88
28135,54.69
28154,74.22
28165,73.24
28178,81.05
28178,108.40
28193,272.46
28209,195.31
28209,132.81
28225,116.21
28240,103.52
28256,92.77
28262,76.17
28275,66.41
28289,62.50
28289,58.59
28304,54.69
28304,54.69
28320,51.76
28335,50.78
28335,46.88
28351,44.92
28371,44.92
28375,41.99
28391,42.97
28391,45.90
28407,46.88
28422,52.73
28422,72.27
28438,74.22
28438,78.12
28454,97.66
28469,241.21
28485,243.16
28485,141.60
28500,120.12
28516,103.52
28532,98.63
28532,81.05
28547,69.34
28563,64.45
28563,59.57
28579,57.62
28594,53.71
28594,52.73
28610,50.78
28625,48.83
28625,43.95
28641,43.95
28657,42.97
28657,42.97
28672,41.99
28688,44.92
28688,48.83
28704,64.45
28719,72.27
28719,77.15
28735,88.87
28750,205.08
28750,275.39
28775,152.34
28787,123.05
28791,107.42
28807,101.56
28807,82.03
28822,70.31
28838,64.45
28853,61.52
28853,57.62
28869,53.71
28869,52.73
28885,51.76
28900,49.80
28916,44.92
28916,44.92
28932,42.97
28947,42.97
28947,43.95
28963,43.95
28976,48.83
28986,59.57
28999,75.20
29003,74.22
29018,85.94
29034,165.04
29034,284.18
29050,162.11
29065,125.00
29065,108.40
29081,101.56
29096,83.98
29112,72.27
29112,65.43
29128,59.57
29128,57.62
29143,54.69
29159,52.73
29159,52.73
29175,48.83
29190,46.88
29206,43.95
29206,42.97
29221,43.95
29221,43.95
29237,45.90
29253,47.85
29266,57.62
29280,75.20
29288,73.24
29289,82.03
29305,138.67
29320,285.16
29320,172.85
29336,126.95
29352,111.33
29352,103.52
29367,86.91
29383,72.27
29399,67.38
29399,61.52
29414,58.59
29430,54.69
29430,52.73
29445,51.76
29461,47.85
29461,45.90
29477,44.92
29492,43.95
29492,42.97
29508,43.95
29523,44.92
29523,46.88
29539,53.71
29539,73.24
29555,72.27
29570,80.08
29586,113.28
29586,276.37
29602,196.29
29617,136.72
29633,116.21
29633,102.54
29648,91.80
29664,77.15
29664,69.34
29680,63.48
29695,60.55
29695,55.66
29711,54.69
29727,52.73
29727,49.80
29749,46.88
29761,43.95
29769,43.95
29781,43.95
29790,42.97
29790,43.95
29805,46.88
29821,51.76
29821,70.31
29837,71.29
29852,80.08
29852,100.59
29868,269.53
29884,219.73
29899,139.65
29915,117.19
29915,103.52
29930,95.70
29930,78.12
29956,70.31
29968,65.43
29976,60.55
29976,56.64
29992,54.69
30007,51.76
30007,49.80
30023,48.83
30038,46.88
30038,43.95
30054,42.97
30070,42.97
30070,43.95
30085,45.90
30101,51.76
30101,67.38
30117,73.24
30132,79.10
30132,93.75
30156,235.35
30169,265.63
30175,147.46
30175,121.09
30191,107.42
30206,101.56
30222,81.05
30222,71.29
30237,64.45
30253,60.55
30253,57.62
30274,54.69
30288,52.73
30296,51.76
30302,48.83
30302,45.90
30318,43.95
30333,43.95
30349,43.95
30349,44.92
30365,44.92
30378,49.80
30378,62.50
30393,74.22
30409,75.20
30409,88.87
30425,198.24
30440,282.23
30456,154.30
30456,125.00
30471,108.40
30487,101.56
30487,83.01
30503,72.27
30518,65.43
30534,61.52
30534,56.64
30550,53.71
30565,52.73
30565,50.78
30587,49.80
30590,45.90
30606,43.95
30606,42.97
30621,44.92
30637,43.95
30637,44.92
30652,48.83
30668,61.52
30668,75.20
30684,77.15
30699,85.94
30699,168.95
30715,286.13
30731,161.13
30746,125.98
30746,109.37
30762,103.52
30778,85.94
30790,74.22
30799,66.41
30804,61.52
30820,57.62
30820,55.66
30836,53.71
30851,52.73
30851,49.80
30867,45.90
30883,43.95
30883,43.95
30898,41.99
30914,42.97
30914,43.95
30930,48.83
30945,56.64
30945,77.15
30961,74.22
30976,83.98
30992,125.98
30992,278.32
31008,175.78
31023,129.88
31023,109.37
31039,102.54
31054,87.89
31070,73.24
31070,67.38
31086,62.50
31101,58.59
31101,54.69
31117,52.73
31117,51.76
31133,48.83
31148,45.90
31164,42.97
31164,42.97
31180,41.02
31195,41.99
31195,43.95
31211,46.88
31211,53.71
31226,74.22
31246,73.24
31258,81.05
31270,108.40
31278,275.39
31287,193.36
31303,132.81
31303,116.21
31318,103.52
31334,88.87
31334,75.20
31357,68.36
31367,62.50
31376,60.55
31376,56.64
31392,55.66
31407,51.76
31407,49.80
31423,46.88
31438,43.95
31438,43.95
31454,42.97
31470,41.99
31470,42.97
31485,45.90
31501,52.73
31516,71.29
31516,72.27
31532,79.10
31532,97.66
31554,245.12
31570,238.28
31577,140.63
31593,120.12
31593,107.42
31609,96.68
31609,79.10
31624,69.34
31640,64.45
31655,61.52
31655,56.64
31671,54.69
31687,52.73
31687,50.78
31702,48.83
31718,44.92
31718,43.95
31734,43.95
31749,43.95
31749,43.95
31769,43.95
31781,50.78
31786,64.45
31802,72.27
31802,75.20
31817,89.84
31833,202.15
31848,274.41
31848,149.41
31864,124.02
31880,106.45
31880,100.59
31895,82.03
31911,70.31
31911,63.48
31927,61.52
31942,56.64
31942,54.69
31958,50.78
31974,49.80
31978,47.85
31994,43.95
31994,41.99
32009,42.97
32025,42.97
32041,41.99
32041,45.90
32056,47.85
32056,60.55
32072,72.27
32088,74.22
32088,84.96
32103,171.88
32119,291.02
32134,164.06
32134,128.91
32150,111.33
32166,104.49
32166,85.94
32185,73.24
32200,66.41
32200,62.50
32216,57.62
32232,55.66
32232,52.73
32247,52.73
32263,48.83
32272,45.90
32286,43.95
32286,42.97
32302,43.95
32317,42.97
32317,43.95
32333,47.85
32333,56.64
32349,76.17
32364,74.22
32381,83.01
32389,137.70
32405,295.90
32405,174.80
32420,128.91
32436,111.33
32436,105.47
32451,87.89
32467,75.20
32467,68.36
32483,63.48
32498,57.62
32498,55.66
32514,54.69
32530,52.73
32530,49.80
32545,47.85
32561,43.95
32561,41.99
32586,41.99
32595,43.95
32595,44.92
32610,47.85
32626,54.69
32626,76.17
32642,72.27
32657,82.03
32657,114.26
32673,285.16
32689,192.38
32704,134.77
32704,114.26
32720,101.56
32735,90.82
32735,75.20
32751,68.36
32767,63.48
32775,60.55
32789,55.66
32801,54.69
32805,52.73
32821,50.78
32821,47.85
32837,43.95
32852,43.95
32852,43.95
32868,43.95
32884,44.92
32884,46.88
32899,52.73
32915,71.29
32915,71.29
32930,79.10
32946,100.59
32946,265.63
32962,215.82
32977,136.72
32993,117.19
32993,102.54
33008,94.73
33024,74.22
33024,68.36
33040,64.45
33055,59.57
33055,56.64
33071,53.71
33087,53.71
33087,49.80
33102,46.88
33118,43.95
33118,42.97
33133,42.97
33149,42.97
33149,41.99
33165,44.92
33180,51.76
33196,68.36
33196,72.27
33212,76.17
33212,95.70
33227,233.40
33249,261.72
33258,144.53
33273,121.09
33281,107.42
33294,99.61
33299,82.03
33315,70.31
33315,65.43
33330,60.55
33347,56.64
33355,53.71
33368,53.71
33376,50.78
33376,48.83
33392,43.95
33407,43.95
33407,42.97
33423,42.97
33438,44.92
33438,43.95
33454,48.83
33470,60.55
33470,74.22
33485,74.22
33501,86.91
33501,182.62
33517,289.06
33532,158.20
33548,125.00
33548,108.40
33573,104.49
33578,84.96
33593,71.29
33593,65.43
33609,61.52
33625,58.59
33625,54.69
33640,51.76
33640,50.78
33656,49.80
33671,46.88
33687,43.95
33687,43.95
33703,43.95
33718,43.95
33718,44.92
33734,48.83
33734,58.59
33750,75.20
33766,76.17
33778,85.94
33792,148.44
33801,284.18
33801,166.99
33817,126.95
33832,110.35
33848,104.49
33848,86.91
33864,73.24
33879,67.38
33879,62.50
33895,59.57
33911,56.64
33911,53.71
33926,51.76
33942,49.80
33942,46.88
33957,43.95
33973,43.95
33973,41.99
33989,43.95
34004,44.92
34004,47.85
34020,54.69
34035,76.17
34035,74.22
34051,83.01
34067,118.16
34082,273.44
34082,184.57
34098,131.84
34114,115.23
34129,103.52
34129,89.84
34145,75.20
34145,68.36
34161,61.52
34183,59.57
34190,55.66
34199,54.69
34199,52.73
34214,49.80
34230,47.85
34230,44.92
34245,44.92
34261,42.97
34275,44.92
34284,43.95
34296,47.85
34300,52.73
34316,75.20
34316,72.27
34331,81.05
34347,103.52
34347,262.70
34363,207.03
34384,134.77
34394,117.19
34402,102.54
34402,92.77
34418,77.15
34433,69.34
34449,62.50
34449,60.55
34465,55.66
34481,54.69
34483,52.73
34498,50.78
34498,47.85
34514,44.92
34529,43.95
34529,42.97
34545,42.97
34561,43.95
34576,44.92
34576,51.76
34592,70.31
34592,72.27
34608,77.15
34623,94.73
34623,238.28
34639,256.84
34654,143.55
34670,120.12
34670,108.40
34686,99.61
34701,80.08
34701,68.36
34717,64.45
34734,62.50
34746,57.62
34754,53.71
34766,52.73
34774,50.78
34786,48.83
34798,44.92
34798,43.95
34814,42.97
34830,42.97
34830,42.97
34845,45.90
34861,49.80
34861,62.50
34877,71.29
34892,74.22
34892,87.89
34908,186.52
34923,283.20
34923,154.30
34939,124.02
34959,106.45
34973,102.54
34975,83.98
34991,71.29
35006,64.45
35006,61.52
35022,57.62
35022,55.66
35038,51.76
35053,50.78
35053,48.83
35069,44.92
35084,41.99
35100,41.99
35100,42.97
35116,42.97
35116,43.95
35131,47.85
35147,59.57
35147,74.22
35170,75.20
35178,84.96
35194,160.16
35194,290.04
35209,167.97
35225,126.95
35225,111.33
35241,102.54
35256,84.96
35273,74.22
35285,67.38
35293,63.48
35297,59.57
35313,56.64
35313,52.73
35329,51.76
35344,48.83
35344,45.90
35360,44.92
35376,43.95
35376,43.95
35391,43.95
35407,44.92
35407,48.83
35423,55.66
35438,75.20
35438,73.24
35454,82.03
35469,126.95
35485,287.11
35485,180.66
35501,129.88
35516,112.30
35516,103.52
35532,88.87
35547,75.20
35547,68.36
35563,62.50
35581,59.57
35581,58.59
35597,53.71
35613,52.73
35613,49.80
35628,45.90
35644,42.97
35644,42.97
35660,42.97
35675,43.95
35675,43.95
35691,46.88
35706,54.69
35706,72.27
35722,73.24
35738,80.08
35738,107.42
35753,275.39
35770,203.13
35784,134.77
35795,118.16
35795,103.52
35811,89.84
35827,77.15
35827,68.36
35842,62.50
35858,60.55
35858,56.64
35873,53.71
35889,51.76
35889,49.80
35905,46.88
35920,43.95
35920,42.97
35936,43.95
35952,43.95
35952,43.95
35967,45.90
35983,52.73
35996,69.34
36004,73.24
36008,78.12
36023,96.68
36023,250.00
36039,252.93
36055,144.53
36070,121.09
36070,107.42
36086,97.66
36102,82.03
36102,71.29
36117,66.41
36133,62.50
36148,57.62
36148,54.69
36164,53.71
36164,52.73
36190,49.80
36202,44.92
36210,42.97
36210,41.99
36225,42.97
36241,43.95
36241,44.92
36257,48.83
36257,62.50
36281,73.24
36293,77.15
36298,89.84
36313,194.34
36329,280.27
36329,154.30
36345,124.02
36360,110.35
36360,102.54
36376,83.01
36392,72.27
36407,64.45
36407,61.52
36423,55.66
36423,53.71
36438,52.73
36454,51.76
36454,49.80
36470,46.88
36485,44.92
36501,43.95
36501,43.95
36517,43.95
36517,44.92
36532,48.83
36548,57.62
36548,74.22
36563,76.17
36579,84.96
36595,158.20
36595,289.06
36610,165.04
36626,125.00
36626,111.33
36642,103.52
36657,86.91
36673,72.27
36673,65.43
36688,62.50
36704,58.59
36704,56.64
36720,54.69
36720,51.76
36735,48.83
36755,47.85
36767,44.92
36779,43.95
36785,42.97
36798,43.95
36798,44.92
36813,48.83
36829,57.62
36829,75.20
36844,75.20
36860,83.01
36860,130.86
36876,293.95
36891,180.66
36907,129.88
36907,112.30
36923,104.49
36938,88.87
36938,73.24
36954,67.38
36970,62.50
36978,59.57
36978,54.69
36994,52.73
37009,51.76
37025,50.78
37025,46.88
37041,43.95
37056,42.97
37056,42.97
37072,42.97
37072,43.95
37087,45.90
37103,53.71
37119,74.22
37119,72.27
37134,81.05
37150,103.52
37150,262.70
37166,205.08
37181,134.77
37197,117.19
37197,104.49
37213,92.77
37228,78.12
37228,68.36
37244,62.50
37259,57.62
37271,52.73
37283,52.73
37291,51.76
37295,50.78
37311,45.90
37311,41.99
37327,42.97
37342,42.97
37342,42.97
37358,43.95
37373,45.90
37373,51.76
37389,70.31
37405,72.27
37405,78.12
37420,96.68
37436,250.98
37451,245.12
37451,141.60
37467,120.12
37483,104.49
37483,98.63
37498,80.08
37514,68.36
37514,64.45
37530,60.55
37545,57.62
37545,54.69
37561,52.73
37578,49.80
37590,46.88
37600,43.95
37600,43.95
37615,42.97
37631,43.95
37631,43.95
37646,45.90
37662,49.80
37662,62.50
37678,74.22
37693,76.17
37693,86.91
37709,192.38
37725,283.20
37740,156.25
37740,125.00
37756,108.40
37772,102.54
37784,83.01
37792,70.31
37804,63.48
37804,61.52
37820,58.59
37835,54.69
37835,50.78
37851,51.76
37867,48.83
37867,45.90
37882,42.97
37898,42.97
37898,42.97
37914,43.95
37929,44.92
37929,48.83
37945,58.59
37960,74.22
37960,75.20
37976,85.94
37992,155.27
38007,287.11
38007,165.04
38023,126.95
38039,109.37
38039,102.54
38054,86.91
38070,74.22
38085,66.41
38085,65.43
38101,59.57
38101,55.66
38117,52.73
38132,51.76
38148,47.85
38148,45.90
38164,43.95
38179,43.95
38179,43.95
38195,43.95
38195,44.92
38210,47.85
38226,56.64
38242,74.22
38251,73.24
38259,81.05
38273,124.02
38285,294.92
38294,184.57
38294,131.84
38310,114.26
38325,103.52
38341,88.87
38350,75.20
38365,68.36
38373,64.45
38375,60.55
38391,56.64
38406,54.69
38406,53.71
38422,49.80
38422,46.88
38437,44.92
38453,43.95
38453,43.95
38469,43.95
38484,43.95
38500,47.85
38500,53.71
38516,74.22
38516,71.29
38531,82.03
38547,108.40
38563,273.44
38572,202.15
38576,134.77
38592,115.23
38608,103.52
38608,91.80
38623,77.15
38639,70.31
38639,63.48
38655,60.55
38670,56.64
38670,54.69
38686,52.73
38701,50.78
38701,47.85
38717,43.95
38733,43.95
38733,43.95
38748,43.95
38765,43.95
38776,46.88
38784,52.73
38792,69.34
38792,72.27
38808,79.10
38823,100.59
38839,267.58
38839,234.38
38855,139.65
38870,119.14
38886,102.54
38886,95.70
38902,80.08
38917,69.34
38917,64.45
38933,59.57
38949,56.64
38949,53.71
38964,51.76
38980,51.76
38980,46.88
38995,44.92
39011,43.95
39011,42.97
39027,42.97
39042,44.92
39042,44.92
39058,50.78
39073,63.48
39073,72.27
39089,77.15
39105,92.77
39105,216.80
39120,276.37
39136,150.39
39152,123.05
39167,108.40
39167,101.56
39187,82.03
39192,71.29
39207,63.48
39207,61.52
39223,56.64
39239,54.69
39239,52.73
39254,51.76
39270,48.83
39282,45.90
39289,43.95
39294,42.97
39310,41.99
39310,43.95
39325,43.95
39341,48.83
39341,62.50
39357,75.20
39372,75.20
39372,87.89
39394,183.59
39394,291.02
39410,159.18
39426,126.95
39441,111.33
39441,103.52
39457,85.94
39473,74.22
39473,65.43
39488,62.50
39504,57.62
39519,53.71
39519,52.73
39535,52.73
39535,49.80
39551,46.88
39566,43.95
39579,42.97
39589,43.95
39599,43.95
39607,43.95
39622,48.83
39622,57.62
39638,77.15
39654,75.20
39654,85.94
39669,141.60
39685,287.11
39685,169.92
39700,126.95
39716,111.33
39732,105.47
39732,88.87
39747,73.24
39764,67.38
39772,63.48
39784,59.57
39793,55.66
39793,53.71
39808,52.73
39824,49.80
39824,46.88
39839,42.97
39855,43.95
39855,43.95
39871,43.95
39886,43.95
39886,46.88
39902,53.71
39918,76.17
39933,74.22
39933,81.05
39949,118.16
39965,268.55
39965,187.50
39980,132.81
39996,115.23
40011,105.47
40011,90.82
40027,75.20
40043,69.34
40043,62.50
40058,60.55
40058,55.66
40074,53.71
40089,51.76
40105,49.80
40105,47.85
40121,43.95
40136,42.97
40136,41.99
40152,43.95
40168,42.97
40168,46.88
40183,54.69
40199,73.24
40199,73.24
40215,79.10
40230,101.56
40230,272.46
40255,214.84
40268,136.72
40276,118.16
40288,104.49
40292,93.75
40308,78.12
40308,68.36
40324,63.48
40339,60.55
40351,55.66
40363,57.62
40375,52.73
40375,50.78
40391,47.85
40391,44.92
40406,43.95
40422,42.97
40438,43.95
40438,44.92
40453,47.85
40469,51.76
40469,70.31
40485,73.24
40485,79.10
40500,94.73
40516,243.16
40531,259.77
40531,146.48
40547,123.05
40566,106.45
40574,99.61
40578,82.03
40594,69.34
40610,66.41
40610,60.55
40625,59.57
40641,54.69
40641,52.73
40657,50.78
40657,48.83
40672,44.92
40688,42.97
40703,43.95
40703,42.97
40719,43.95
40735,44.92
40735,49.80
40750,62.50
40750,73.24
40774,75.20
40782,87.89
40791,191.41
40806,282.23
40822,155.27
40822,126.95
40838,109.37
40853,103.52
40853,83.98
40869,72.27
40884,64.45
40900,61.52
40900,58.59
40916,54.69
40916,52.73
40931,51.76
40947,48.83
40947,46.88
40963,43.95
40978,43.95
40994,43.95
40994,44.92
41010,44.92
41010,47.85
41025,59.57
41041,75.20
41041,73.24
41056,84.96
41072,159.18
41088,298.83
41088,167.97
41103,127.93
41119,109.37
41119,102.54
41134,86.91
41150,73.24
41166,66.41
41166,61.52
41186,58.59
41190,55.66
41206,53.71
41206,51.76
41222,49.80
41237,44.92
41237,43.95
41253,43.95
41266,42.97
41278,44.92
41291,44.92
41291,47.85
41306,55.66
41322,73.24
41322,73.24
41338,83.98
41353,133.79
41353,291.99
41369,174.80
41390,129.88
41395,109.37
41410,103.52
41410,86.91
41426,73.24
41441,68.36
41441,62.50
41457,59.57
41473,56.64
41473,52.73
41488,51.76
41504,49.80
41504,46.88
41520,44.92
41535,42.97
41535,43.95
41551,44.92
41566,44.92
41566,46.88
41592,53.71
41600,74.22
41605,71.29
41621,81.05
41621,111.33
41637,282.23
41652,196.29
41668,134.77
41668,114.26
41684,103.52
41699,91.80
41699,76.17
41715,67.38
41730,62.50
41730,59.57
41746,55.66
41762,52.73
41774,52.73
41784,49.80
41796,47.85
41806,46.88
41806,44.92
41821,43.95
41837,44.92
41837,43.95
41853,46.88
41868,52.73
41868,71.29
41884,72.27
41899,80.08
41899,103.52
41915,262.70
41931,220.70
41931,138.67
41946,119.14
41962,103.52
41977,95.70
41977,78.12
41993,69.34
42009,64.45
42009,59.57
42024,56.64
42040,54.69
42040,53.71
42056,51.76
42071,48.83
42071,44.92
42087,42.97
42103,42.97
42103,43.95
42118,43.95
42134,43.95
42150,51.76
42157,68.36
42169,72.27
42177,77.15
42177,93.75
42193,225.59
42208,265.63
42208,145.51
42224,122.07
42240,105.47
42260,100.59
42265,79.10
42277,69.34
42289,63.48
42290,59.57
42305,56.64
42321,53.71
42321,52.73
42337,50.78
42352,48.83
42352,46.88
42372,42.97
42376,42.97
42392,41.99
42392,44.92
42408,42.97
42423,48.83
42423,63.48
42439,73.24
42454,77.15
42454,88.87
42470,202.15
42486,277.34
42501,153.32
42501,124.02
42517,106.45
42533,103.52
42533,83.98
42548,71.29
42564,64.45
42579,60.55
42579,58.59
42595,54.69
42595,52.73
42611,49.80
42626,49.80
42626,46.88
42642,43.95
42658,43.95
42673,42.97
42673,43.95
42689,44.92
42689,48.83
42704,59.57
42720,75.20
42720,73.24
42736,85.94
42751,160.16
42767,292.97
42779,163.09
42790,125.00
42790,108.40
42806,102.54
42821,86.91
42837,72.27
42837,66.41
42852,60.55
42852,59.57
42868,56.64
42884,52.73
42899,51.76
42899,48.83
42915,45.90
42931,44.92
42931,43.95
42952,42.97
42960,43.95
42972,43.95
42980,47.85
42992,56.64
43000,78.12
43000,75.20
43016,84.96
43032,132.81
43032,286.13
43047,171.88
43063,125.98
43079,108.40
43079,103.52
43094,86.91
43110,74.22
43110,67.38
43125,61.52
43141,59.57
43157,54.69
43157,52.73
43172,51.76
43172,50.78
43197,47.85
43207,45.90
43211,43.95
43227,43.95
43227,41.99
43242,44.92
43258,46.88
43272,56.64
43280,76.17
43288,74.22
43304,82.03
43304,114.26
43320,277.34
43335,190.43
43335,134.77
43351,114.26
43367,105.47
43382,90.82
43391,76.17
43403,68.36
43413,62.50
43417,58.59
43433,55.66
43433,53.71
43448,51.76
43464,50.78
43464,46.88
43480,44.92
43495,43.95
43495,42.97
43511,41.99
43527,43.95
43527,46.88
43542,51.76
43558,72.27
43558,72.27
43573,79.10
43589,101.56
43589,255.86
43605,210.94
43620,135.74
43636,120.12
43636,104.49
43651,92.77
43667,77.15
43667,67.38
43683,61.52
43698,56.64
43714,55.66
43714,53.71
43730,51.76
43730,50.78
43745,47.85
43761,44.92
43773,43.95
43787,41.99
43795,43.95
43803,43.95
43803,46.88
43819,52.73
43835,70.31
43835,71.29
43850,77.15
43866,94.73
43882,242.19
43882,254.88
43897,145.51
43913,121.09
43913,106.45
43928,97.66
43944,79.10
43960,69.34
43960,64.45
43975,60.55
43975,57.62
43991,53.71
44007,52.73
44007,50.78
44022,48.83
44038,45.90
44054,43.95
44054,43.95
44069,43.95
44069,43.95
44085,45.90
44100,50.78
44100,61.52
44116,73.24
44132,75.20
44147,87.89
44158,190.43
44168,285.16
44179,156.25
44179,125.98
44194,109.37
44210,104.49
44226,83.01
44226,71.29
44241,66.41
44257,60.55
44257,58.59
44278,53.71
44286,53.71
44299,52.73
44302,48.83
44318,45.90
44318,44.92
44333,43.95
44349,43.95
44349,42.97
44365,46.88
44380,48.83
44380,59.57
44396,75.20
44411,75.20
44411,88.87
44427,162.11
44443,292.97
44458,165.04
44458,126.95
44474,110.35
44490,103.52
44490,84.96
44505,73.24
44521,67.38
44536,62.50
44536,58.59
44552,55.66
44552,52.73
44568,53.71
44586,48.83
44591,44.92
44607,44.92
44607,43.95
44623,43.95
44638,43.95
44638,44.92
44654,46.88
44670,55.66
44670,75.20
44685,74.22
44701,83.98
44701,128.91
44717,287.11
44732,177.73
44748,126.95
44748,107.42
44768,103.52
44780,87.89
44792,77.15
44804,69.34
44804,62.50
44820,58.59
44835,54.69
44835,52.73
44851,51.76
44851,49.80
44866,45.90
44882,42.97
44898,42.97
44898,42.97
44913,42.97
44929,44.92
44929,46.88
44945,54.69
44945,73.24
44960,73.24
44981,83.01
44989,110.35
45001,274.41
45005,196.29
45021,133.79
45037,116.21
45037,104.49
45052,91.80
45068,76.17
45068,67.38
45084,62.50
45099,57.62
45115,54.69
45115,54.69
45131,52.73
45131,49.80
45146,48.83
45162,44.92
45162,42.97
45177,43.95
45193,43.95
45209,43.95
45209,45.90
45224,52.73
45224,72.27
45240,72.27
45255,81.05
45270,101.56
45280,263.67
45285,231.45
45301,139.65
45316,120.12
45316,104.49
45332,96.68
45348,79.10
45348,70.31
45363,65.43
45379,60.55
45379,55.66
45395,53.71
45410,51.76
45410,51.76
45426,47.85
45441,45.90
45441,43.95
45457,43.95
45473,43.95
45473,43.95
45488,45.90
45504,50.78
45504,68.36
45520,72.27
45535,78.12
45535,94.73
45551,231.45
45566,269.53
45582,148.44
45582,122.07
45598,109.37
45613,100.59
45613,80.08
45629,69.34
45645,63.48
45645,59.57
45660,54.69
45676,52.73
45691,51.76
45691,50.78
45707,48.83
45707,42.97
45723,41.99
45738,41.99
45754,43.95
45766,42.97
45774,44.92
45786,48.83
45793,61.52
45802,72.27
45802,76.17
45818,89.84
45833,181.64
45849,284.18
45849,156.25
45865,124.02
45880,107.42
45896,101.56
45896,83.01
45912,72.27
45912,63.48
45927,59.57
45943,55.66
45959,53.71
45968,51.76
45976,51.76
45976,47.85
45992,44.92
46008,41.99
46008,42.97
46023,43.95
46039,42.97
46039,43.95
46054,49.80
46070,58.59
46070,75.20
46086,73.24
46101,86.91
46117,153.32
46117,289.06
46133,167.97
46148,127.93
46148,113.28
46172,103.52
46177,84.96
46192,73.24
46192,66.41
46208,61.52
46224,57.62
46224,53.71
46239,51.76
46255,52.73
46255,47.85
46275,46.88
46287,43.95
46299,43.95
46303,41.99
46319,43.95
46319,43.95
46335,48.83
46350,56.64
46350,75.20
46366,74.22
46381,83.01
46381,121.09
46397,286.13
46413,181.64
46428,130.86
46428,110.35
46444,103.52
46460,89.84
46460,74.22
46475,67.38
46491,62.50
46491,60.55
46506,56.64
46522,54.69
46522,52.73
46538,50.78
46553,46.88
46569,44.92
46569,44.92
46585,42.97
46585,44.92
46600,45.90
46616,47.85
46616,54.69
46631,73.24
46647,72.27
46663,81.05
46663,108.40
46678,280.27
46694,196.29
46694,132.81
46710,114.26
46725,103.52
46741,90.82
46741,76.17
46756,67.38
46773,60.55
46781,59.57
46793,54.69
46801,51.76
46801,52.73
46817,49.80
46833,46.88
46833,42.97
46848,43.95
46864,43.95
46864,43.95
46879,43.95
46895,46.88
46895,51.76
46911,71.29
46926,72.27
46926,79.10
46942,99.61
46958,254.88
46973,241.21
46987,140.63
46999,120.12
46999,105.47
47014,96.68
47014,79.10
47030,69.34
47046,64.45
47046,60.55
47061,56.64
47077,53.71
47092,52.73
47092,50.78
47108,47.85
47108,45.90
47124,43.95
47139,42.97
47155,43.95
47155,43.95
47171,45.90
47187,50.78
47195,66.41
47207,71.29
47211,77.15
47227,91.80
47227,213.87
47242,278.32
47258,150.39
47271,124.02
47283,107.42
47296,101.56
47301,82.03
47317,69.34
47317,64.45
47333,60.55
47348,56.64
47348,54.69
47364,52.73
47380,51.76
47380,48.83
47395,44.92
47411,43.95
47411,43.95
47426,43.95
47442,44.92
47442,44.92
47458,49.80
47473,60.55
47473,73.24
47489,74.22
47505,89.84
47505,191.41
47520,285.16
47536,157.23
47551,125.00
47551,109.37
47567,103.52
47583,83.98
47583,71.29
47598,64.45
47614,61.52
47630,58.59
47630,54.69
47645,53.71
47645,51.76
47661,48.83
47676,45.90
47676,43.95
47692,41.99
47708,44.92
47723,43.95
47723,43.95
47739,48.83
47752,58.59
47762,77.15
47770,75.20
47782,86.91
47795,155.27
47800,282.23
47815,166.99
47815,127.93
47831,109.37
47847,101.56
47862,85.94
47862,72.27
47878,67.38
47894,62.50
47894,56.64
47909,54.69
47925,54.69
47925,51.76
47940,48.83
47956,44.92
47969,43.95
47978,41.99
47978,43.95
47993,42.97
48009,44.92
48009,46.88
48025,55.66
48040,77.15
48040,74.22
48056,83.98
48071,127.93
48071,288.09
48087,178.71
48103,129.88
48118,113.28
48118,104.49
48134,89.84
48150,76.17
48150,68.36
48165,62.50
48181,59.57
48181,55.66
48196,53.71
48212,51.76
48212,50.78
48228,46.88
48243,44.92
48243,45.90
48259,43.95
48275,43.95
48287,43.95
48300,47.85
48300,53.71
48315,74.22
48315,73.24
48331,82.03
48347,108.40
48362,278.32
48362,199.22
48384,134.77
48384,116.21
48400,101.56
48416,91.80
48431,76.17
48431,68.36
48447,64.45
48447,60.55
48463,55.66
48478,53.71
48494,51.76
48494,48.83
48510,46.88
48525,44.92
48525,43.95
48541,43.95
48541,43.95
48556,43.95
48572,45.90
48588,51.76
48597,70.31
48597,74.22
48613,80.08
48629,100.59
48629,264.65
48644,217.77
48660,136.72
48676,117.19
48676,104.49
48691,95.70
48707,78.12
48707,69.34
48723,64.45
48738,60.55
48738,56.64
48754,53.71
48770,51.76
48782,51.76
48790,48.83
48802,45.90
48810,43.95
48825,43.95
48825,41.99
48841,43.95
48841,45.90
48857,51.76
48872,69.34
48872,71.29
48888,78.12
48904,93.75
48919,228.52
48919,259.77
48935,145.51
48950,121.09
48950,106.45
48966,99.61
48982,81.05
48997,69.34
48997,64.45
49013,60.55
49029,57.62
49029,53.71
49044,52.73
49044,50.78
49060,48.83
49075,45.90
49091,44.92
49091,43.95
49107,43.95
49122,42.97
49122,44.92
49138,49.80
49153,60.55
49153,74.22
49169,76.17
49185,89.84
49185,182.62
49200,289.06
49216,157.23
49216,127.93
49232,109.37
49255,102.54
49264,83.98
49276,71.29
49284,64.45
49296,62.50
49297,60.55
49313,54.69
49329,53.71
49329,51.76
49344,48.83
49344,47.85
49370,44.92
49378,43.95
49378,44.92
49394,43.95
49410,43.95
49410,49.80
49425,56.64
49441,76.17
49441,74.22
49456,85.94
49472,144.53
49488,282.23
49488,169.92
49503,127.93
49519,110.35
49519,103.52
49535,85.94
49550,72.27
49550,66.41
49574,62.50
49579,60.55
49594,56.64
49594,53.71
49610,51.76
49626,48.83
49626,46.88
49641,44.92
49657,43.95
49657,42.97
49673,41.99
49688,43.95
49688,48.83
49704,56.64
49719,76.17
49719,74.22
49735,82.03
49751,116.21
49751,278.32
49775,186.52
49788,131.84
49798,112.30
49798,103.52
49814,89.84
49829,75.20
49829,69.34
49845,62.50
49861,60.55
49861,55.66
49876,52.73
49892,52.73
49892,49.80
49907,48.83
49923,44.92
49923,43.95
49939,43.95
49954,42.97
49954,44.92
49970,46.88
49986,53.71
49998,72.27
50002,71.29
50018,80.08
50034,105.47
50034,267.58
50049,206.05
50065,135.74
50065,117.19
50080,101.56
50096,91.80
50112,77.15
50112,69.34
50127,62.50
50127,60.55
50143,56.64
50159,53.71
50159,52.73
50184,49.80
50189,47.85
50204,44.92
50204,43.95
50220,43.95
50220,43.95
50235,43.95
50251,46.88
50267,51.76
50279,71.29
50287,71.29
50297,77.15
50297,95.70
50312,240.23
50328,253.91
50344,143.55
50344,122.07
50359,104.49
50375,100.59
50387,79.10
50395,70.31
50411,65.43
50411,61.52
50427,56.64
50427,55.66
50442,52.73
50458,50.78
50458,48.83
50473,45.90
50489,45.90
50505,43.95
50505,44.92
50520,42.97
50520,44.92
50536,49.80
50552,66.41
50552,72.27
50567,76.17
50587,92.77
50597,216.80
50601,271.48
50617,147.46
50632,122.07
50632,107.42
50648,100.59
50664,80.08
50664,70.31
50679,64.45
50695,60.55
50695,56.64
50711,54.69
50726,52.73
50742,50.78
50742,48.83
50757,44.92
50771,42.97
50783,43.95
50791,42.97
50796,44.92
50812,44.92
50812,47.85
50827,60.55
50843,74.22
50843,76.17
50859,87.89
50874,182.62
50890,291.02
50890,156.25
50906,125.00
50921,106.45
50921,104.49
50937,83.01
50952,72.27
50952,64.45
50968,62.50
50984,57.62
50984,54.69
50999,52.73
51015,50.78
51015,47.85
51031,45.90
51046,42.97
51062,42.97
51062,42.97
51077,43.95
51077,43.95
51093,48.83
51109,57.62
51109,76.17
51124,75.20
51140,87.89
51156,155.27
51156,289.06
51171,163.09
51187,125.98
51187,109.37
51202,103.52
51218,84.96
51234,71.29
51245,67.38
51253,61.52
51265,57.62
51273,54.69
51285,51.76
51294,49.80
51294,49.80
51310,45.90
51325,44.92
51325,43.95
51341,42.97
51361,43.95
51366,43.95
51378,47.85
51378,55.66
51394,77.15
51410,74.22
51410,85.94
51425,125.00
51441,282.23
51456,181.64
51456,130.86
51472,109.37
51488,102.54
51503,88.87
51503,73.24
51519,67.38
51519,61.52
51535,60.55
51550,55.66
51566,52.73
51574,51.76
51578,50.78
51594,45.90
51594,44.92
51610,43.95
51625,42.97
51625,42.97
51641,43.95
51657,47.85
51657,54.69
51672,75.20
51688,73.24
51688,80.08
51703,107.42
51719,270.51
51719,199.22
51735,132.81
51750,114.26
51767,102.54
51779,91.80
51789,76.17
51794,69.34
51810,62.50
51810,60.55
51825,55.66
51841,54.69
51841,51.76
51857,50.78
51872,46.88
51872,44.92
51888,43.95
51904,42.97
51904,42.97
51919,44.92
51935,45.90
51935,52.73
51950,72.27
51966,73.24
51966,80.08
51990,95.70
51990,248.05
52006,244.14
52022,142.58
52022,120.12
52037,104.49
52053,97.66
52069,80.08
52069,68.36
52084,64.45
52084,60.55
52100,56.64
52115,53.71
52131,50.78
52131,49.80
52147,49.80
52162,44.92
52162,42.97
52183,42.97
52192,42.97
52201,42.97
52201,45.90
52216,49.80
52232,63.48
52232,74.22
52248,76.17
52264,88.87
52276,191.41
52288,282.23
52293,152.34
52309,124.02
52309,107.42
52324,102.54
52340,82.03
52356,70.31
52356,63.48
52371,60.55
52389,57.62
52397,54.69
52407,50.78
52407,50.78
52422,47.85
52438,45.90
52438,44.92
52454,43.95
52469,41.99
52469,42.97
52485,44.92
52500,48.83
52516,59.57
52516,74.22
52532,75.20
52532,85.94
52547,168.95
52563,288.09
52579,163.09
52579,126.95
52594,108.40
52610,102.54
52625,85.94
52625,72.27
52641,65.43
52641,60.55
52657,57.62
52672,55.66
52688,52.73
52688,50.78
52704,49.80
52719,43.95
52719,43.95
52735,42.97
52735,42.97
52750,42.97
52770,44.92
52779,46.88
52787,55.66
52796,75.20
52811,74.22
52811,82.03
52827,125.98
52843,278.32
52858,178.71
52858,127.93
52874,111.33
52889,104.49
52905,87.89
52905,73.24
52921,67.38
52921,59.57
52936,59.57
52952,55.66
52952,52.73
52968,49.80
52983,48.83
52999,45.90
52999,41.99
53015,42.97
53015,41.99
53030,42.97
53046,44.92
53046,47.85
53061,54.69
53077,74.22
53093,71.29
53093,80.08
53108,111.33
53124,277.34
53124,194.34
53139,132.81
53159,116.21
53171,103.52
53178,90.82
53178,77.15
53194,68.36
53210,61.52
53210,60.55
53225,56.64
53241,52.73
53241,51.76
53266,49.80
53271,47.85
53283,44.92
53293,43.95
53293,45.90
53309,43.95
53325,43.95
53325,46.88
53340,52.73
53356,71.29
53370,72.27
53378,79.10
53378,100.59
53394,257.81
53410,223.63
53425,137.70
53425,117.19
53441,103.52
53456,94.73
53456,77.15
53472,69.34
53488,63.48
53488,60.55
53503,55.66
53519,54.69
53519,52.73
53535,51.76
53550,47.85
53550,43.95
53566,44.92
53581,43.95
53597,43.95
53597,43.95
53613,45.90
53613,49.80
53628,67.38
53644,71.29
53644,75.20
53660,94.73
53675,237.30
53691,257.81
53691,145.51
53706,120.12
53722,104.49
53722,98.63
53738,82.03
53753,71.29
53770,64.45
53778,61.52
53788,56.64
53792,52.73
53808,52.73
53808,50.78
53823,48.83
53839,43.95
53839,43.95
53855,42.97
53870,42.97
53870,43.95
53886,44.92
53902,48.83
53902,61.52
53917,73.24
53933,77.15
53933,86.91
53948,185.55
53964,287.11
53982,157.23
53990,122.07
53998,105.47
54014,102.54
54014,84.96
54030,72.27
54045,65.43
54045,61.52
54061,57.62
54077,53.71
54077,52.73
54092,51.76
54108,49.80
54108,46.88
54124,44.92
54139,43.95
54139,43.95
54155,43.95
54170,43.95
54170,48.83
54194,59.57
54203,75.20
54211,76.17
54211,86.91
54226,157.23
54242,285.16
54258,164.06
54258,124.02
54278,109.37
54290,102.54
54302,86.91
54307,73.24
54323,65.43
54323,61.52
54338,58.59
54354,53.71
54354,51.76
54370,51.76
54385,48.83
54385,46.88
54401,44.92
54417,42.97
54417,43.95
54432,43.95
54448,43.95
54448,46.88
54463,56.64
54479,78.12
54479,75.20
54495,83.98
54510,133.79
54526,286.13
54526,175.78
54542,129.88
54557,111.33
54557,105.47
54573,88.87
54588,75.20
54604,67.38
54604,61.52
54620,59.57
54620,54.69
54635,52.73
54651,51.76
54667,49.80
54667,46.88
54682,43.95
54698,43.95
54698,43.95
54713,42.97
54713,43.95
54729,46.88
54748,54.69
54759,76.17
54771,72.27
54779,83.98
54790,111.33
54805,282.23
54805,192.38
54821,132.81
54836,114.26
54836,103.52
54852,90.82
54868,76.17
54883,67.38
54883,60.55
54899,59.57
54899,55.66
54915,52.73
54930,52.73
54930,50.78
54946,45.90
54962,42.97
54974,42.97
54979,42.97
54994,43.95
54994,43.95
55010,45.90
55026,52.73
55026,72.27
55041,73.24
55057,80.08
55057,102.54
55073,256.84
55088,213.87
55104,136.72
55104,118.16
55119,105.47
55135,93.75
55135,77.15
55151,67.38
55166,62.50
55182,60.55
55182,55.66
55198,52.73
55198,51.76
55213,49.80
55229,46.88
55229,43.95
55244,43.95
55260,42.97
55275,42.97
55283,41.99
55295,45.90
55303,51.76
55308,68.36
55324,71.29
55324,78.12
55340,93.75
55355,238.28
55371,257.81
55371,143.55
55387,120.12
55402,104.49
55402,99.61
55418,80.08
55433,69.34
55449,64.45
55449,59.57
55465,58.59
55465,53.71
55480,52.73
55496,51.76
55496,48.83
55511,44.92
55527,44.92
55543,42.97
55543,43.95
55558,43.95
55558,44.92
55574,49.80
55589,62.50
55589,73.24
55604,76.17
55620,88.87
55636,202.15
55636,280.27
55651,154.30
55667,125.00
55683,109.37
55683,102.54
55698,83.98
55714,71.29
55714,63.48
55729,61.52
55745,58.59
55745,54.69
55761,53.71
55776,51.76
55785,49.80
55800,44.92
55809,43.95
55809,43.95
55824,44.92
55840,42.97
55840,43.95
55856,49.80
55871,59.57
55871,73.24
55887,75.20
55902,84.96
55902,162.11
55918,292.97
55934,165.04
55934,126.95
55949,109.37
55965,104.49
55982,84.96
55990,72.27
56002,66.41
56006,62.50
56022,59.57
56022,55.66
56037,52.73
56053,50.78
56053,48.83
56069,45.90
56084,43.95
56100,43.95
56100,43.95
56115,43.95
56115,44.92
56131,47.85
56147,56.64
56147,74.22
56162,73.24
56178,83.01
56194,139.65
56194,292.97
56209,173.83
56225,127.93
56225,114.26
56240,103.52
56256,86.91
56273,70.31
56281,61.52
56289,56.64
56301,57.62
56306,54.69
56321,52.73
56321,50.78
56337,49.80
56352,45.90
56352,43.95
56368,43.95
56384,42.97
56384,42.97
56399,43.95
56415,47.85
56415,54.69
56431,76.17
56446,73.24
56446,81.05
56462,114.26
56477,276.37
56493,192.38
56493,131.84
56509,113.28
56524,104.49
56524,91.80
56549,73.24
56561,64.45
56571,58.59
56578,58.59
56578,54.69
56594,51.76
56610,50.78
56610,48.83
56625,44.92
56641,42.97
56656,42.97
56656,42.97
56672,41.99
56672,43.95
56688,46.88
56703,51.76
56703,72.27
56719,71.29
56735,81.05
56750,102.54
56750,267.58
56770,212.89
56782,136.72
56789,117.19
56805,103.52
56805,92.77
56821,77.15
56836,69.34
56836,63.48
56852,59.57
56867,56.64
56867,53.71
56883,50.78
56899,49.80
56899,45.90
56914,42.97
56930,41.99
56930,42.97
56946,43.95
56961,43.95
56961,45.90
56977,49.80
56992,69.34
56992,73.24
57008,79.10
57024,95.70
57024,248.05
57039,249.02
57055,143.55
57070,121.09
57086,106.45
57086,98.63
57102,81.05
57102,69.34
57117,64.45
57133,60.55
57149,56.64
57149,53.71
57164,51.76
57180,50.78
57180,48.83
57196,43.95
57196,44.92
57211,43.95
57227,43.95
57243,43.95
57243,44.92
57258,48.83
57272,62.50
57280,72.27
57294,75.20
57302,88.87
57307,189.45
57322,277.34
57338,152.34
57338,123.05
57354,106.45
57369,102.54
57385,83.01
57385,71.29
57400,64.45
57400,60.55
57416,56.64
57432,53.71
57447,51.76
57447,50.78
57463,48.83
57479,45.90
57479,44.92
57494,43.95
57494,45.90
57510,42.97
57525,44.92
57541,48.83
57541,59.57
57557,74.22
57572,74.22
57572,86.91
57589,166.02
57605,280.27
57605,161.13
57621,124.02
57636,108.40
57652,102.54
57652,85.94
57667,72.27
57683,67.38
57683,60.55
57699,57.62
57699,53.71
57714,51.76
57730,50.78
57746,49.80
57746,47.85
57761,41.99
57778,42.97
57786,41.99
57798,42.97
57803,41.99
57819,47.85
57819,56.64
57834,76.17
57850,74.22
57850,83.98
57865,132.81
57881,287.11
57897,174.80
57897,128.91
57912,113.28
57928,105.47
57928,87.89
57944,73.24
57959,68.36
57959,62.50
57975,57.62
57991,53.71
57991,51.76
58006,52.73
58022,48.83
58022,45.90
58037,43.95
58053,42.97
58053,42.97
58069,43.95
58084,43.95
58084,46.88
58100,55.66
58115,76.17
58131,73.24
58131,80.08
58147,117.19
58162,278.32
58162,187.50
58178,130.86
58194,113.28
58209,103.52
58209,90.82
58225,75.20
58239,68.36
58247,61.52
58259,59.57
58268,55.66
58280,52.73
58289,51.76
58289,48.83
58304,44.92
58320,42.97
58336,42.97
58336,42.97
58351,41.99
58351,43.95
58367,46.88
58383,53.71
58383,72.27
58398,72.27
58414,79.10
58429,100.59
58429,267.58
58445,210.94
58461,135.74
58461,118.16
58476,101.56
58492,92.77
58508,76.17
58508,69.34
58523,62.50
58539,59.57
58549,57.62
58558,53.71
58569,52.73
58577,51.76
58577,47.85
58592,44.92
58608,44.92
58608,43.95
58624,43.95
58639,44.92
58655,45.90
58655,51.76
58671,70.31
58671,72.27
58686,78.12
58702,95.70
58717,246.09
58717,252.93
58733,144.53
58749,121.09
58765,105.47
58773,99.61
58786,80.08
58786,69.34
58801,64.45
58801,61.52
58817,58.59
58832,53.71
58848,51.76
58848,51.76
58864,48.83
58879,46.88
58879,44.92
58895,43.95
58895,43.95
58911,43.95
58926,44.92
58942,50.78
58942,64.45
58957,74.22
58973,76.17
58973,88.87
58989,190.43
59004,287.11
59020,155.27
59020,125.00
59036,106.45
59051,101.56
59051,83.01
59067,72.27
59082,64.45
59082,62.50
59098,58.59
