1001,
1729,72.27
1737,70.31
1741,63.48
1749,58.59
1753,55.66
1757,53.71
1765,52.73
1769,48.83
1778,45.90
1782,44.92
1786,42.97
1794,41.02
1798,41.02
1806,41.02
1810,40.04
1815,40.04
1823,40.04
1827,40.04
1831,40.04
1839,40.04
1843,41.02
1851,42.97
1856,43.95
1860,42.97
1868,45.90
1872,46.88
1880,50.78
1884,53.71
1888,58.59
1897,67.38
1901,81.05
1905,93.75
1913,98.63
1917,92.77
1925,93.75
1929,90.82
1933,89.84
1937,95.70
1942,96.68
1946,110.35
1958,112.30
1962,110.35
1970,102.54
1974,107.42
1982,103.52
1987,104.49
1995,103.52
1999,95.70
2003,80.08
2011,76.17
2016,73.24
2019,67.38
2028,61.52
2032,58.59
2040,52.73
2044,52.73
2048,51.76
2056,47.85
2060,45.90
2068,41.99
2073,41.02
2077,41.02
2085,41.99
2089,40.04
2093,39.06
2101,40.04
2105,40.04
2114,39.06
2118,39.06
2122,40.04
2130,41.99
2134,41.99
2142,43.95
2147,44.92
2150,46.88
2159,49.80
2164,52.73
2171,58.59
2175,65.43
2179,73.24
2187,86.91
2191,97.66
2195,94.73
2204,91.80
2208,90.82
2216,91.80
2220,95.70
2220,99.61
2228,97.66
2232,108.40
2244,115.23
2249,107.42
2253,104.49
2261,103.52
2265,106.45
2273,106.45
2277,101.56
2285,82.03
2290,76.17
2294,75.20
2302,69.34
2306,61.52
2310,55.66
2319,54.69
2323,52.73
2330,52.73
2335,47.85
2339,45.90
2347,42.97
2351,42.97
2359,41.02
2364,41.02
2368,40.04
2376,40.04
2380,39.06
2384,40.04
2392,39.06
2396,39.06
2404,39.06
2408,41.99
2412,41.99
2421,41.99
2425,42.97
2433,45.90
2437,49.80
2441,51.76
2449,54.69
2453,60.55
2462,69.34
2466,83.98
2470,95.70
2478,96.68
2482,90.82
2490,91.80
2494,92.77
2495,93.75
2499,95.70
2507,100.59
2511,106.45
2523,113.28
2527,110.35
2535,104.49
2540,108.40
2548,105.47
2552,105.47
2557,106.45
2564,84.96
2569,78.12
2576,73.24
2580,69.34
2585,65.43
2593,59.57
2597,55.66
2601,50.78
2610,50.78
2613,48.83
2622,45.90
2626,43.95
2630,42.97
2638,42.97
2642,41.02
2650,41.02
2654,39.06
2658,39.06
2667,40.04
2671,39.06
2679,40.04
2683,40.04
2687,40.04
2695,41.02
2699,41.99
2703,42.97
2712,44.92
2716,47.85
2724,49.80
2728,53.71
2732,58.59
2740,66.41
2744,78.12
2752,91.80
2757,97.66
2761,94.73
2769,91.80
2773,91.80
2773,91.80
2781,95.70
2785,100.59
2793,108.40
2798,113.28
2810,114.26
2814,107.42
2818,107.42
2826,105.47
2830,109.37
2839,109.37
2843,100.59
2847,80.08
2855,78.12
2859,73.24
2867,65.43
2871,58.59
2875,57.62
2884,53.71
2888,50.78
2896,48.83
2900,46.88
2904,44.92
2912,42.97
2916,43.95
2921,43.95
2929,41.02
2933,39.06
2941,39.06
2945,38.09
2949,40.04
2957,39.06
2961,40.04
2970,40.04
2974,40.04
2978,42.97
2986,43.95
2990,44.92
2994,45.90
3003,47.85
3007,51.76
3015,57.62
3019,63.48
3023,72.27
3031,85.94
3035,96.68
3043,94.73
3047,88.87
3052,89.84
3060,88.87
3060,94.73
3064,92.77
3072,102.54
3080,110.35
3088,113.28
3092,108.40
3101,105.47
3105,108.40
3109,106.45
3117,102.54
3121,98.63
3130,78.12
3133,77.15
3138,75.20
3146,71.29
3150,65.43
3158,59.57
3162,52.73
3166,50.78
3174,49.80
3179,47.85
3187,45.90
3191,44.92
3195,43.95
3203,41.99
3207,41.02
3211,40.04
3219,40.04
3224,40.04
3232,40.04
3236,40.04
3240,39.06
3248,40.04
3252,41.99
3261,41.02
3264,42.97
3269,44.92
3277,43.95
3281,47.85
3285,50.78
3294,55.66
3297,57.62
3305,66.41
3310,81.05
3314,94.73
3322,99.61
3326,87.89
3334,89.84
3338,87.89
3342,94.73
3346,94.73
3351,93.75
3355,106.45
3367,111.33
3371,109.37
3379,105.47
3383,107.42
3392,104.49
3396,106.45
3400,103.52
3408,94.73
3412,77.15
3420,74.22
3424,70.31
3428,63.48
3437,59.57
3441,54.69
3449,49.80
3453,51.76
3457,51.76
3466,46.88
3469,45.90
3477,43.95
3482,42.97
3486,40.04
3494,41.02
3498,41.02
3502,40.04
3511,40.04
3515,39.06
3523,40.04
3527,39.06
3531,41.02
3539,41.99
3543,41.99
3551,43.95
3555,45.90
3559,45.90
3568,49.80
3572,52.73
3576,57.62
3584,63.48
3588,74.22
3596,85.94
3601,97.66
3604,92.77
3613,91.80
3617,91.80
3625,92.77
3625,97.66
3629,97.66
3637,107.42
3645,114.26
3654,114.26
3658,110.35
3662,105.47
3670,106.45
3674,106.45
3682,105.47
3686,99.61
3691,84.96
3699,75.20
3703,71.29
3711,68.36
3715,63.48
3719,54.69
3727,52.73
3732,51.76
3740,52.73
3744,48.83
3748,46.88
3756,44.92
3760,41.99
3768,41.02
3772,41.02
3776,40.04
3785,40.04
3789,39.06
3793,39.06
3801,39.06
3805,40.04
3813,39.06
3817,41.99
3822,41.02
3830,42.97
3834,45.90
3842,45.90
3846,47.85
3850,49.80
3858,55.66
3862,60.55
3867,70.31
3875,80.08
3879,97.66
3887,96.68
3891,87.89
3895,90.82
3903,89.84
3907,94.73
3908,96.68
3916,99.61
3920,110.35
3932,115.23
3936,111.33
3944,104.49
3948,107.42
3953,107.42
3961,104.49
3965,101.56
3973,89.84
3977,76.17
3981,74.22
3989,70.31
3994,66.41
4002,59.57
4006,54.69
4010,51.76
4018,51.76
4022,50.78
4030,47.85
4035,42.97
4039,42.97
4047,41.99
4051,41.02
4056,41.02
4065,39.06
4068,40.04
4075,39.06
4080,40.04
4084,39.06
4092,40.04
4096,41.02
4104,41.99
4108,42.97
4112,42.97
4121,44.92
4125,46.88
4133,48.83
4138,52.73
4141,56.64
4150,64.45
4153,75.20
4157,88.87
4166,98.63
4170,93.75
4178,91.80
4182,91.80
4182,93.75
4190,99.61
4194,100.59
4198,108.40
4211,114.26
4219,111.33
4223,107.42
4227,107.42
4235,108.40
4239,104.49
4248,104.49
4252,97.66
4256,83.01
4264,74.22
4268,70.31
4272,65.43
4280,60.55
4284,58.59
4293,52.73
4297,52.73
4301,50.78
4309,47.85
4313,45.90
4321,43.95
4325,42.97
4329,42.97
4338,41.02
4342,41.02
4350,39.06
4354,41.02
4358,41.02
4367,41.02
4370,38.09
4374,41.02
4383,41.02
4387,41.99
4395,43.95
4399,44.92
4403,45.90
4411,48.83
4415,51.76
4424,55.66
4428,61.52
4432,71.29
4440,85.94
4444,99.61
4452,96.68
4456,87.89
4460,90.82
4469,92.77
4469,96.68
4473,95.70
4481,102.54
4485,109.37
4497,112.30
4501,110.35
4510,106.45
4514,105.47
4518,107.42
4526,106.45
4530,100.59
4538,85.94
4542,76.17
4546,72.27
4555,65.43
4559,62.50
4567,56.64
4571,52.73
4575,50.78
4583,50.78
4587,48.83
4592,45.90
4600,45.90
4604,42.97
4612,41.99
4616,41.99
4620,40.04
4628,40.04
4632,40.04
4641,41.99
4645,40.04
4649,40.04
4657,41.02
4661,41.02
4665,41.02
4674,42.97
4678,43.95
4686,45.90
4690,47.85
4694,49.80
4702,55.66
4706,59.57
4714,66.41
4719,82.03
4723,91.80
4731,99.61
4735,86.91
4743,93.75
4747,92.77
4751,95.70
4751,96.68
4759,97.66
4764,104.49
4776,110.35
4780,110.35
4788,103.52
4792,104.49
4800,102.54
4804,103.52
4809,103.52
4817,92.77
4821,76.17
4829,72.27
4833,68.36
4837,65.43
4845,57.62
4850,52.73
4854,49.80
4862,50.78
4866,48.83
4874,46.88
4878,44.92
4882,41.99
4891,41.02
4895,40.04
4903,39.06
4907,40.04
4911,38.09
4919,39.06
4923,40.04
4931,40.04
4936,39.06
4940,40.04
4948,41.99
4952,42.97
4956,42.97
4964,43.95
4968,46.88
4977,48.83
4981,52.73
4985,58.59
4993,67.38
4997,74.22
5005,89.84
5009,99.61
5013,96.68
5022,91.80
5026,91.80
5034,87.89
5038,95.70
5038,96.68
5042,99.61
5054,111.33
5063,110.35
5067,107.42
5071,104.49
5079,104.49
5083,107.42
5091,104.49
5095,96.68
5099,83.01
5108,76.17
5112,70.31
5120,64.45
5124,61.52
5128,57.62
5136,54.69
5140,51.76
5144,50.78
5153,47.85
5157,44.92
5165,42.97
5169,42.97
5173,41.99
5181,41.99
5185,41.02
5193,39.06
5198,39.06
5202,39.06
5210,39.06
5214,38.09
5218,39.06
5226,40.04
5230,41.02
5239,43.95
5243,44.92
5247,45.90
5255,48.83
5259,50.78
5267,55.66
5272,59.57
5276,69.34
5284,80.08
5288,93.75
5296,99.61
5300,86.91
5304,91.80
5312,86.91
5316,91.80
5317,95.70
5325,98.63
5329,104.49
5341,110.35
5345,109.37
5353,100.59
5357,107.42
5361,104.49
5370,101.56
5374,101.56
5382,89.84
5386,75.20
5390,73.24
5398,68.36
5403,64.45
5411,58.59
5415,54.69
5419,52.73
5427,51.76
5431,50.78
5435,46.88
5443,44.92
5448,42.97
5456,41.99
5460,41.02
5464,40.04
5472,38.09
5476,39.06
5484,39.06
5489,39.06
5492,38.09
5501,39.06
5505,40.04
5509,41.02
5517,41.99
5521,44.92
5529,44.92
5534,46.88
5538,49.80
5546,54.69
5550,58.59
5558,65.43
5562,77.15
5566,90.82
5575,96.68
5579,92.77
5587,89.84
5591,90.82
5595,91.80
5599,97.66
5603,96.68
5607,106.45
5619,111.33
5624,107.42
5632,106.45
5636,105.47
5644,105.47
5648,105.47
5652,105.47
5661,98.63
5665,78.12
5673,76.17
5677,70.31
5681,65.43
5689,59.57
5693,54.69
5701,51.76
5706,52.73
5710,49.80
5718,47.85
5722,44.92
5726,41.99
5734,41.99
5738,41.99
5747,41.02
5751,41.02
5755,38.09
5763,39.06
5767,39.06
5775,40.04
5779,40.04
5783,40.04
5792,40.04
5796,41.02
5800,42.97
5808,44.92
5812,46.88
5820,47.85
5824,52.73
5828,55.66
5837,61.52
5841,70.31
5849,83.98
5853,95.70
5857,98.63
5865,88.87
5869,93.75
5877,94.73
5878,94.73
5882,98.63
5890,101.56
5894,111.33
5906,114.26
5910,110.35
5914,106.45
5923,107.42
5927,106.45
5935,106.45
5939,102.54
5943,82.03
5951,76.17
5955,73.24
5964,67.38
5968,64.45
5972,55.66
5980,53.71
5984,52.73
5992,51.76
5996,48.83
6000,44.92
6009,44.92
6013,43.95
6017,42.97
6025,41.99
6029,40.04
6037,39.06
6041,39.06
6046,39.06
6054,39.06
6058,39.06
6066,39.06
6070,41.02
6074,42.97
6082,42.97
6087,43.95
6091,45.90
6099,48.83
6103,50.78
6111,53.71
6115,57.62
6119,66.41
6127,78.12
6132,89.84
6140,98.63
6144,90.82
6148,91.80
6156,91.80
6156,93.75
6160,96.68
6169,100.59
6173,108.40
6185,110.35
6189,111.33
6197,101.56
6201,109.37
6205,105.47
6213,105.47
6218,103.52
6226,94.73
6230,77.15
6234,74.22
6242,69.34
6246,63.48
6255,59.57
6259,53.71
6263,53.71
6271,51.76
6275,48.83
6283,45.90
6287,45.90
6291,43.95
6299,41.99
6304,42.97
6308,41.02
6316,39.06
6320,39.06
6328,41.02
6332,40.04
6336,39.06
6344,39.06
6349,40.04
6357,41.02
6361,42.97
6365,42.97
6373,44.92
6377,47.85
6385,48.83
6389,53.71
6394,55.66
6402,64.45
6406,74.22
6410,88.87
6418,98.63
6422,89.84
6430,89.84
6435,88.87
6439,91.80
6443,99.61
6447,96.68
6451,106.45
6463,114.26
6467,114.26
6476,108.40
6480,107.42
6488,103.52
6492,106.45
6500,103.52
6504,96.68
6508,79.10
6517,77.15
6521,72.27
6525,67.38
6533,59.57
6537,55.66
6545,51.76
6549,51.76
6553,52.73
6562,49.80
6566,45.90
6574,43.95
6578,41.99
6582,42.97
6590,41.02
6594,39.06
6598,39.06
6607,38.09
6611,39.06
6619,40.04
6623,39.06
6627,40.04
6635,40.04
6639,41.99
6648,43.95
6652,43.95
6656,45.90
6664,47.85
6668,49.80
6676,54.69
6680,61.52
6685,70.31
6693,82.03
6697,97.66
6701,96.68
6709,86.91
6713,90.82
6721,90.82
6721,93.75
6725,95.70
6734,100.59
6738,107.42
6750,113.28
6754,110.35
6762,106.45
6767,106.45
6771,104.49
6779,103.52
6783,102.54
6791,87.89
6795,79.10
6799,72.27
6807,67.38
6811,63.48
6816,55.66
6824,54.69
6828,52.73
6836,52.73
6840,49.80
6844,46.88
6852,45.90
6857,43.95
6865,42.97
6869,40.04
6873,41.02
6881,39.06
6885,40.04
6889,40.04
6898,40.04
6902,39.06
6910,29.30
6914,25.39
6918,23.44
6926,21.48
6930,19.53
6938,19.53
6943,17.58
6947,17.58
6955,16.60
6959,15.63
6967,16.60
6971,14.65
6975,13.67
6984,13.67
6988,14.65
6992,13.67
7000,12.70
7004,12.70
7016,10.74
7020,12.70
7029,11.72
7033,10.74
7037,10.74
7045,11.72
7049,10.74
7061,11.72
7065,10.74
7069,9.77
7078,9.77
7082,9.77
7090,10.74
7094,9.77
7098,8.79
7106,8.79
7110,9.77
7115,8.79
7123,7.81
7127,8.79
7131,7.81
7139,7.81
7143,8.79
7147,7.81
7156,7.81
7160,8.79
7168,8.79
7172,7.81
7176,8.79
7184,6.84
7188,8.79
7192,6.84
7201,7.81
7205,6.84
7209,7.81
7217,6.84
7221,6.84
7225,6.84
7233,6.84
7237,5.86
7246,4.88
7250,5.86
7254,5.86
7262,5.86
7266,5.86
7270,5.86
7278,4.88
7282,7.81
7287,5.86
7295,7.81
7299,5.86
7303,5.86
7311,7.81
7315,5.86
7323,5.86
7328,6.84
7332,6.84
7340,6.84
7344,6.84
7348,5.86
7356,5.86
7360,6.84
7364,4.88
7373,4.88
7377,5.86
7381,4.88
7389,4.88
7393,4.88
7401,4.88
7405,4.88
7409,4.88
7418,4.88
7422,4.88
7426,3.91
7434,3.91
7438,4.88
7442,4.88
7450,3.91
7455,2.93
7459,3.91
7467,4.88
7471,2.93
7479,3.91
7483,3.91
7487,4.88
7495,4.88
7500,4.88
7504,2.93
7512,4.88
7516,3.91
7520,2.93
7528,4.88
7532,2.93
7536,2.93
7544,3.91
7549,4.88
7557,2.93
7561,2.93
7565,4.88
7573,2.93
7577,3.91
7582,3.91
7590,3.91
7594,3.91
7598,3.91
7606,3.91
7610,2.93
7614,3.91
7622,2.93
7627,3.91
7635,2.93
7639,3.91
7643,3.91
7651,3.91
7655,3.91
7659,1.95
7667,2.93
7672,3.91
7676,2.93
7684,2.93
7688,2.93
7692,2.93
7700,3.91
7704,4.88
7708,2.93
7717,2.93
7721,2.93
7729,2.93
7733,3.91
7737,3.91
7745,3.91
7749,3.91
7753,3.91
7762,4.88
7766,3.91
7770,3.91
7778,2.93
7782,1.95
7786,1.95
7794,2.93
7798,2.93
7807,2.93
7811,2.93
7815,3.91
7823,3.91
7827,3.91
7831,1.95
7840,2.93
7844,2.93
7848,3.91
7856,1.95
7860,2.93
7864,2.93
7872,1.95
7876,3.91
7885,3.91
7889,3.91
7893,0.98
7901,3.91
7905,3.91
7909,3.91
7917,2.93
7921,1.95
7925,1.95
7934,1.95
7938,1.95
7942,1.95
7950,1.95
7954,3.91
7962,3.91
7966,1.95
7971,1.95
7979,1.95
7983,1.95
7987,1.95
7995,1.95
7999,2.93
8003,1.95
8012,3.91
8016,1.95
8020,2.93
8028,1.95
8032,1.95
8040,1.95
8044,1.95
8048,2.93
8057,1.95
8061,3.91
8065,1.95
8073,1.95
8077,1.95
8081,1.95
8089,1.95
8093,1.95
8098,1.95
8106,0.98
8110,2.93
8118,2.93
8122,1.95
8126,1.95
8134,1.95
8139,1.95
8143,1.95
8151,1.95
8155,1.95
8159,0.98
8167,1.95
8171,2.93
8175,1.95
8183,1.95
8188,2.93
8196,2.93
8200,2.93
8204,2.93
8212,1.95
8216,2.93
8220,1.95
8229,2.93
8233,2.93
8237,1.95
8245,0.98
8249,1.95
8253,2.93
8261,0.98
8265,1.95
8270,2.93
8278,1.95
8282,1.95
8290,1.95
8294,1.95
8298,0.98
8306,1.95
8311,2.93
8315,1.95
8323,0.98
8327,1.95
8331,1.95
8339,1.95
8343,1.95
8347,1.95
8355,1.95
8360,2.93
8368,1.95
8372,1.95
8376,1.95
8384,0.98
8388,2.93
8392,2.93
8401,1.95
8405,0.98
8409,2.93
8417,1.95
8421,0.98
8425,0.98
8433,1.95
8437,1.95
8446,1.95
8450,2.93
8454,0.98
8462,1.95
8466,0.98
8470,1.95
8478,1.95
8482,1.95
8487,0.98
8495,1.95
8499,0.98
8503,0.98
8511,1.95
8515,2.93
8523,0.98
8528,1.95
8532,1.95
8540,1.95
8544,1.95
8548,1.95
8556,1.95
8560,1.95
8564,1.95
8573,1.95
8577,0.98
8581,0.98
8589,0.98
8593,0.98
8601,0.98
8605,0.98
8609,0.00
8618,1.95
8622,0.98
8626,0.98
8634,0.98
8638,0.98
8642,0.98
8650,0.98
8654,1.95
8659,0.98
8667,1.95
8671,1.95
8675,1.95
8683,0.98
8687,0.98
8696,0.98
8700,0.98
8704,0.98
8712,0.98
8716,0.98
8720,1.95
8728,0.98
8732,0.98
8737,0.00
8745,0.98
8749,1.95
8753,0.98
8761,0.00
8765,0.98
8773,0.98
8777,0.98
8781,0.00
8790,0.00
8794,0.98
8798,1.95
8806,0.98
8810,0.98
8814,0.98
8823,1.95
8826,1.95
8831,0.98
8839,0.00
8843,0.00
8851,0.98
8855,0.98
8859,0.00
8868,1.95
8872,0.98
8876,0.98
8884,0.98
8888,0.00
8892,0.00
8900,0.98
8904,0.98
8908,0.98
8917,0.00
8921,0.00
8925,0.00
8933,0.98
8937,0.00
8945,0.98
8949,0.98
8953,0.98
8962,0.00
8966,0.00
8970,0.00
8978,0.98
8982,0.98
8986,0.98
8995,0.00
8999,0.98
9003,0.98
9011,0.98
9015,0.00
9023,0.98
9027,0.98
9031,1.95
9040,0.00
9044,0.98
9048,0.98
9056,0.00
9060,0.98
9064,0.00
9072,0.00
9076,0.98
9080,0.00
9089,0.98
9093,0.98
9101,0.00
9105,0.00
9109,0.00
9117,0.00
9121,0.98
9125,0.98
9134,0.00
9138,0.98
9142,0.98
9150,0.98
9154,0.00
9158,1.95
9167,0.00
9171,0.98
9175,2.93
9183,0.00
9187,0.00
9195,0.98
9199,0.98
9203,0.98
9211,0.00
9216,0.00
9220,1.95
9228,0.98
9232,0.98
9236,0.98
9244,0.00
9248,0.00
9253,0.00
9261,1.95
9265,0.98
9273,0.00
9277,0.00
9281,0.00
9289,0.00
9294,0.98
9298,0.98
9306,0.00
9310,0.98
9314,0.98
9322,0.00
9326,0.00
9331,0.98
9339,0.00
9343,0.00
9347,0.00
9355,0.00
9359,0.00
9367,0.98
9371,0.00
9375,0.98
9384,0.00
9388,0.00
9392,0.00
9400,0.98
9404,0.00
9408,0.00
9416,0.00
9420,0.00
9424,0.00
9433,0.98
9437,0.00
9445,0.98
9449,0.98
9453,0.00
9461,0.00
9465,0.00
9470,0.00
9478,0.98
9482,0.00
9486,0.00
9494,0.00
9498,0.00
9503,0.00
9511,0.00
9515,0.00
9519,0.98
9527,0.00
9531,0.00
9539,0.00
9543,0.00
9547,0.00
9556,0.00
9560,0.00
9564,0.00
9572,0.98
9576,0.00
9580,0.00
9588,0.00
9592,0.98
9597,0.00
9605,0.00
9609,0.98
9617,0.98
9621,1.95
9625,0.98
9633,0.00
9637,0.00
9642,0.00
9650,0.00
9654,0.00
9658,0.00
9666,0.00
9670,0.00
9674,0.00
9683,0.00
9687,0.00
9691,0.00
9699,0.00
9703,0.98
9711,0.98
9715,0.00
9720,0.98
9728,0.98
9732,0.00
9736,0.98
9744,0.00
9748,0.00
9752,0.00
9760,0.00
9764,0.00
9769,0.98
9777,0.98
9781,0.00
9789,0.98
9793,0.00
9797,0.00
9806,0.00
9809,0.98
9814,0.98
9822,0.00
9826,1.95
9830,0.00
9838,0.00
9842,0.98
9846,0.00
9855,0.00
9859,0.98
9863,0.00
9871,0.00
9875,0.00
9883,0.98
9887,0.00
9891,0.98
9900,0.00
9904,0.00
9908,0.00
9916,0.00
9920,0.00
9924,0.00
9932,0.98
9936,0.00
9941,0.00
9949,0.00
9953,0.00
9961,0.00
9965,0.00
9969,0.00
9977,0.98
9982,0.00
9986,0.00
9994,0.98
9998,0.00
10002,0.98
10010,0.00
10014,0.00
10018,0.00
10027,0.00
10031,0.98
10035,0.00
10043,0.00
10047,0.00
10055,0.00
10059,0.98
10063,0.00
10072,0.00
10076,0.00
10080,0.00
10088,0.00
10092,0.98
10096,0.98
10104,0.00
10108,0.98
10113,0.00
10121,0.98
10125,0.00
10133,0.98
10137,0.98
10141,0.00
10150,0.00
10154,0.00
10158,0.00
10166,0.98
10170,0.00
10174,0.98
10182,0.00
10186,0.00
10191,0.00
10199,0.00
10203,0.00
10207,0.00
10215,0.98
10219,0.98
10227,0.00
10231,0.00
10236,0.00
10244,0.98
10248,0.98
10252,0.98
10260,0.00
10264,0.00
10268,0.98
10276,0.00
10280,0.00
10285,0.98
10293,0.98
10297,0.00
10305,0.00
10309,0.98
10313,0.00
10322,0.98
10326,0.98
10330,0.00
10338,0.98
10342,0.00
10346,0.98
10354,0.00
10358,0.00
10362,0.00
10371,0.98
10375,0.00
10379,0.00
10387,0.98
10391,0.00
10399,0.00
10404,0.00
10407,0.98
10416,0.00
10420,0.00
10424,0.00
10432,0.00
10436,0.00
10440,0.00
10449,0.00
10453,0.00
10457,0.00
10465,0.00
10469,0.00
10477,0.00
10481,0.00
10485,0.00
10494,0.98
10498,0.00
10502,0.98
10510,0.00
10514,0.00
10518,0.00
10526,0.98
10530,0.00
10534,0.00
10543,0.98
10547,0.98
10551,0.00
10559,0.00
10563,0.00
10571,0.98
10575,0.00
10580,0.98
10588,0.98
10592,0.00
10596,0.00
10604,0.98
10608,0.00
10612,0.98
10621,0.98
10625,0.00
10629,0.00
10637,0.00
10641,0.00
10649,0.00
10653,0.98
10657,0.00
10666,0.00
10670,0.00
10674,0.00
10682,0.98
10686,0.00
10690,0.00
10698,0.00
10702,0.00
10706,0.00
10715,0.98
10719,0.00
10723,0.00
10731,0.00
10735,0.00
10743,0.00
10747,0.98
10752,0.00
10760,0.00
10764,0.00
10768,0.00
10776,0.00
10780,0.00
10784,0.00
10793,0.00
10797,0.98
10801,0.00
10809,0.98
10813,0.00
10821,0.00
10825,0.00
10829,0.98
10838,0.00
10842,0.00
10846,0.00
10854,0.98
10858,0.00
10862,0.00
10870,0.00
10874,0.00
10879,0.00
10887,0.00
10887,0.00
10891,0.98
10899,0.00
10903,0.00
10907,0.00
10915,0.00
10919,0.00
10920,0.00
10928,14.65
10932,27.34
10936,39.06
10944,53.71
10948,63.48
10956,54.69
10961,56.64
10965,55.66
10973,53.71
10977,57.62
10985,66.41
10989,72.27
10993,78.12
11001,73.24
11006,75.20
11010,67.38
11018,65.43
11022,68.36
11030,67.38
11034,59.57
11038,45.90
11047,41.99
11051,40.04
11059,35.16
11063,31.25
11067,28.32
11075,28.32
11079,27.34
11083,28.32
11092,25.39
11096,22.46
11104,21.48
11108,21.48
11112,20.51
11121,21.48
11124,23.44
11132,20.51
11137,21.48
11141,23.44
11149,21.48
11153,22.46
11161,22.46
11165,24.41
11169,24.41
11178,26.37
11182,25.39
11186,27.34
11194,30.27
11198,34.18
11206,36.13
11210,41.02
11214,48.83
11223,58.59
11227,69.34
11235,67.38
11239,62.50
11243,65.43
11251,64.45
11255,63.48
11260,60.55
11268,69.34
11272,78.12
11280,83.01
11284,76.17
11288,72.27
11296,76.17
11300,76.17
11309,73.24
11313,73.24
11317,62.50
11325,50.78
11329,43.95
11337,41.02
11341,35.16
11346,32.23
11354,31.25
11358,30.27
11362,32.23
11370,29.30
11374,28.32
11382,27.34
11387,25.39
11391,25.39
11399,24.41
11403,25.39
11411,24.41
11415,24.41
11419,24.41
11427,24.41
11432,24.41
11440,25.39
11444,25.39
11448,25.39
11456,27.34
11460,27.34
11464,30.27
11473,31.25
11477,34.18
11485,37.11
11489,40.04
11493,45.90
11501,52.73
11505,67.38
11513,71.29
11518,65.43
11522,63.48
11530,65.43
11534,63.48
11538,70.31
11546,69.34
11550,76.17
11559,80.08
11563,81.05
11567,79.10
11575,77.15
11579,76.17
11587,78.12
11591,77.15
11595,72.27
11604,56.64
11608,52.73
11616,46.88
11621,41.99
11624,36.13
11633,33.20
11637,32.23
11641,31.25
11649,30.27
11653,28.32
11661,28.32
11665,27.34
11669,26.37
11677,28.32
11681,26.37
11690,26.37
11694,25.39
11698,26.37
11706,26.37
11710,26.37
11714,27.34
11722,26.37
11726,25.39
11735,28.32
11739,28.32
11743,30.27
11751,32.23
11755,34.18
11763,36.13
11767,38.09
11772,41.99
11780,50.78
11784,57.62
11792,69.34
11796,71.29
11800,70.31
11808,67.38
11812,67.38
11817,68.36
11825,76.17
11829,78.12
11837,84.96
11841,90.82
11845,89.84
11853,83.01
11858,84.96
11866,81.05
11870,84.96
11874,81.05
11882,71.29
11886,56.64
11890,49.80
11898,46.88
11903,43.95
11911,38.09
11915,34.18
11919,33.20
11927,36.13
11931,33.20
11939,34.18
11944,30.27
11948,31.25
11956,31.25
11960,31.25
11968,29.30
11972,29.30
11976,28.32
11984,28.32
11989,29.30
11993,29.30
12001,29.30
12005,29.30
12013,30.27
12017,30.27
12021,31.25
12030,33.20
12034,34.18
12042,39.06
12046,40.04
12050,42.97
12058,47.85
12062,55.66
12070,66.41
12075,73.24
12079,73.24
12087,71.29
12091,72.27
12095,70.31
12103,76.17
12107,72.27
12116,78.12
12120,92.77
12124,89.84
12132,84.96
12136,83.01
12144,85.94
12148,83.98
12152,80.08
12161,75.20
12165,60.55
12169,53.71
12177,46.88
12181,43.95
12189,41.02
12193,36.13
12197,35.16
12206,34.18
12210,34.18
12218,35.16
12222,33.20
12226,32.23
12234,32.23
12238,30.27
12246,30.27
12251,28.32
12255,29.30
12263,29.30
12267,28.32
12271,29.30
12280,29.30
12283,29.30
12292,31.25
12296,31.25
12300,30.27
12308,32.23
12312,33.20
12320,36.13
12325,39.06
12329,41.02
12337,44.92
12341,51.76
12345,60.55
12353,69.34
12357,79.10
12366,68.36
12370,70.31
12374,66.41
12382,70.31
12386,73.24
12394,74.22
12398,85.94
12402,87.89
12411,89.84
12415,82.03
12423,85.94
12427,80.08
12431,85.94
12439,82.03
12443,77.15
12447,60.55
12456,55.66
12460,49.80
12468,47.85
12472,41.99
12476,38.09
12484,37.11
12488,37.11
12496,39.06
12501,35.16
12505,32.23
12513,32.23
12517,30.27
12521,30.27
12529,29.30
12533,27.34
12542,27.34
12546,28.32
12550,29.30
12558,29.30
12562,30.27
12570,29.30
12574,30.27
12578,32.23
12587,32.23
12591,33.20
12599,33.20
12603,37.11
12607,40.04
12615,42.97
12619,49.80
12624,58.59
12632,70.31
12636,83.01
12644,76.17
12648,76.17
12652,80.08
12660,78.12
12664,80.08
12673,83.98
12677,92.77
12681,99.61
12689,102.54
12693,99.61
12701,93.75
12705,95.70
12710,93.75
12718,90.82
12722,91.80
12726,78.12
12734,65.43
12738,60.55
12746,58.59
12750,52.73
12755,49.80
12763,45.90
12767,41.99
12775,43.95
12779,41.99
12783,38.09
12792,38.09
12796,36.13
12803,36.13
12808,34.18
12812,34.18
12820,32.23
12824,32.23
12828,35.16
12837,33.20
12841,33.20
12849,34.18
12853,36.13
12857,35.16
12865,36.13
12869,38.09
12877,39.06
12881,41.02
12886,45.90
12894,47.85
12898,51.76
12902,57.62
12910,69.34
12914,80.08
12922,86.91
12927,77.15
12931,80.08
12939,82.03
12943,83.01
12951,88.87
12955,90.82
12959,99.61
12967,103.52
12972,101.56
12980,97.66
12984,95.70
12988,94.73
12996,94.73
13000,94.73
13008,88.87
13013,70.31
13017,67.38
13025,62.50
13029,57.62
13033,51.76
13041,45.90
13045,45.90
13054,45.90
13058,43.95
13062,41.02
13070,40.04
13074,37.11
13082,36.13
13086,35.16
13091,34.18
13099,35.16
13103,33.20
13107,33.20
13115,34.18
13119,35.16
13127,35.16
13131,34.18
13136,34.18
13144,36.13
13148,39.06
13156,38.09
13160,41.02
13164,42.97
13172,44.92
13176,50.78
13185,54.69
13189,62.50
13193,75.20
13201,87.89
13205,87.89
13209,81.05
13217,82.03
13221,83.01
13230,84.96
13234,89.84
13238,89.84
13246,98.63
13250,100.59
13258,100.59
13263,97.66
13267,98.63
13275,97.66
13279,95.70
13287,94.73
13291,81.05
13295,69.34
13303,63.48
13308,60.55
13312,58.59
13320,50.78
13324,46.88
13332,44.92
13336,46.88
13340,42.97
13349,40.04
13353,39.06
13361,37.11
13365,37.11
13369,37.11
13377,36.13
13381,34.18
13389,35.16
13393,34.18
13398,35.16
13406,35.16
13410,35.16
13414,36.13
13422,37.11
13426,38.09
13434,38.09
13439,40.04
13443,41.99
13451,44.92
13455,48.83
13463,51.76
13467,60.55
13471,70.31
13480,83.01
13484,88.87
13492,82.03
13496,81.05
13500,83.01
13508,82.03
13512,87.89
13516,85.94
13525,94.73
13529,102.54
13537,100.59
13541,99.61
13545,95.70
13553,94.73
13557,94.73
13565,94.73
13570,89.84
13574,73.24
13582,67.38
13586,63.48
13594,57.62
13598,51.76
13602,46.88
13611,46.88
13615,45.90
13619,44.92
13627,41.99
13631,41.02
13639,39.06
13643,37.11
13648,37.11
13656,37.11
13660,36.13
13668,34.18
13672,34.18
13676,36.13
13684,36.13
13688,34.18
13696,35.16
13701,36.13
13705,38.09
13713,38.09
13717,40.04
13721,40.04
13729,42.97
13733,47.85
13742,48.83
13746,54.69
13750,63.48
13758,76.17
13762,87.89
13770,88.87
13774,75.20
13778,82.03
13787,79.10
13791,78.12
13795,83.98
13803,83.01
13807,95.70
13815,100.59
13820,98.63
13824,94.73
13832,99.61
13836,94.73
13844,94.73
13848,92.77
13852,83.98
13861,64.45
13865,62.50
13873,60.55
13877,56.64
13881,48.83
13889,46.88
13893,45.90
13897,45.90
13906,44.92
13910,41.02
13918,40.04
13922,40.04
13926,37.11
13934,37.11
13938,35.16
13946,35.16
13951,35.16
13955,35.16
13963,36.13
13967,36.13
13975,35.16
13979,36.13
13983,38.09
13992,37.11
13996,40.04
14000,40.04
14008,43.95
14012,46.88
14020,49.80
14024,51.76
14028,59.57
14037,68.36
14041,82.03
14049,89.84
14053,89.84
14057,82.03
14065,83.01
14069,81.05
14077,86.91
14082,85.94
14086,94.73
14094,97.66
14098,100.59
14102,99.61
14110,97.66
14114,97.66
14123,95.70
14127,97.66
14131,93.75
14139,77.15
14143,65.43
14151,64.45
14155,60.55
14160,54.69
14168,46.88
14172,45.90
14180,46.88
14184,46.88
14188,44.92
14196,41.02
14200,39.06
14205,39.06
14213,39.06
14217,38.09
14225,36.13
14229,36.13
14233,34.18
14241,34.18
14245,36.13
14253,34.18
14258,34.18
14262,35.16
14270,37.11
14274,38.09
14278,38.09
14286,41.99
14290,42.97
14299,45.90
14303,50.78
14307,51.76
14315,62.50
14319,72.27
14327,85.94
14332,86.91
14336,80.08
14344,82.03
14348,79.10
14356,83.98
14360,83.01
14364,83.01
14372,97.66
14376,100.59
14384,101.56
14389,93.75
14393,100.59
14401,95.70
14405,97.66
14409,94.73
14417,88.87
14422,72.27
14430,66.41
14434,64.45
14438,55.66
14446,53.71
14450,48.83
14458,44.92
14462,47.85
14467,45.90
14475,41.99
14479,41.02
14487,39.06
14491,37.11
14495,37.11
14503,37.11
14508,34.18
14512,34.18
14520,34.18
14524,35.16
14532,36.13
14536,34.18
14540,34.18
14548,35.16
14553,37.11
14561,39.06
14565,40.04
14569,41.99
14577,44.92
14581,47.85
14585,52.73
14594,57.62
14598,67.38
14606,80.08
14610,90.82
14614,88.87
14622,82.03
14626,84.96
14634,86.91
14638,89.84
14643,85.94
14651,92.77
14655,100.59
14663,104.49
14667,101.56
14671,99.61
14680,98.63
14684,96.68
14692,97.66
14696,94.73
14700,79.10
14708,71.29
14712,63.48
14716,60.55
14725,55.66
14729,47.85
14737,48.83
14741,46.88
14745,45.90
14753,43.95
14757,41.02
14766,40.04
14770,38.09
14774,38.09
14782,37.11
14786,36.13
14794,35.16
14798,36.13
14802,34.18
14811,35.16
14815,34.18
14819,35.16
14827,36.13
14831,37.11
14839,39.06
14843,40.04
14847,41.02
14856,44.92
14860,44.92
14868,49.80
14872,54.69
14876,61.52
14884,72.27
14888,83.98
14896,89.84
14901,79.10
14905,84.96
14913,83.01
14917,86.91
14921,87.89
14929,88.87
14934,101.56
14942,102.54
14946,103.52
14950,97.66
14958,100.59
14962,98.63
14970,96.68
14974,95.70
14979,84.96
14987,71.29
14991,67.38
14999,63.48
15003,59.57
15007,52.73
15016,48.83
15020,45.90
15028,46.88
15032,44.92
15036,41.99
15044,40.04
15048,39.06
15052,37.11
15060,38.09
15065,37.11
15073,36.13
15077,35.16
15081,35.16
15089,35.16
15093,35.16
15101,34.18
15106,37.11
15110,37.11
15118,39.06
15122,40.04
15126,40.04
15134,41.99
15138,44.92
15146,47.85
15151,51.76
15155,58.59
15163,66.41
15167,79.10
15175,89.84
15179,90.82
15183,80.08
15192,83.98
15196,83.98
15204,90.82
15208,89.84
15212,93.75
15220,99.61
15224,103.52
15232,102.54
15237,99.61
15241,98.63
15249,95.70
15253,96.68
15257,91.80
15265,76.17
15269,68.36
15278,64.45
15282,58.59
15286,53.71
15294,47.85
15298,46.88
15306,44.92
15310,44.92
15314,44.92
15323,41.02
15327,40.04
15331,37.11
15339,39.06
15343,37.11
15351,36.13
15356,36.13
15359,36.13
15368,33.20
15372,35.16
15380,35.16
15384,36.13
15388,36.13
15396,37.11
15400,38.09
15408,38.09
15413,41.99
15417,42.97
15425,44.92
15429,48.83
15433,52.73
15441,61.52
15445,68.36
15454,84.96
15458,92.77
15462,85.94
15470,84.96
15474,82.03
15482,83.98
15486,87.89
15491,85.94
15499,98.63
15503,103.52
15511,105.47
15515,98.63
15519,100.59
15527,97.66
15531,95.70
15540,95.70
15544,86.91
15548,71.29
15556,70.31
15560,65.43
15564,58.59
15573,53.71
15577,50.78
15585,47.85
15589,46.88
15593,47.85
15601,43.95
15605,41.02
15613,39.06
15618,38.09
15622,37.11
15630,39.06
15634,36.13
15642,35.16
15646,36.13
15650,35.16
15659,34.18
15663,36.13
15667,38.09
15675,37.11
15679,38.09
15687,39.06
15691,41.99
15695,42.97
15704,43.95
15708,46.88
15716,50.78
15720,57.62
15724,63.48
15732,76.17
15736,87.89
15740,88.87
15749,80.08
15753,83.98
15761,82.03
15765,88.87
15769,90.82
15777,92.77
15781,99.61
15790,105.47
15794,101.56
15798,97.66
15806,97.66
15810,96.68
15818,96.68
15822,93.75
15826,83.01
15835,72.27
15839,66.41
15847,60.55
15851,55.66
15855,51.76
15863,49.80
15867,47.85
15871,46.88
15880,45.90
15884,41.99
15892,41.02
15896,39.06
15900,39.06
15908,38.09
15912,37.11
15920,37.11
15925,36.13
15929,35.16
15937,36.13
15941,35.16
15945,36.13
15953,37.11
15957,36.13
15966,39.06
15970,40.04
15974,41.99
15982,41.99
15986,44.92
15994,49.80
15998,53.71
16003,60.55
16011,70.31
16015,81.05
16023,91.80
16027,88.87
16031,83.98
16039,86.91
16043,87.89
16048,93.75
16056,90.82
16060,98.63
16068,105.47
16072,104.49
16076,100.59
16085,98.63
16089,98.63
16097,97.66
16101,96.68
16105,92.77
16113,76.17
16117,72.27
16125,65.43
16130,59.57
16134,55.66
16142,49.80
16146,48.83
16154,48.83
16158,47.85
16162,43.95
16171,40.04
16175,39.06
16179,37.11
16187,38.09
16191,36.13
16199,36.13
16203,36.13
16207,36.13
16216,36.13
16220,37.11
16228,36.13
16232,37.11
16236,38.09
16244,38.09
16248,39.06
16252,41.02
16261,41.99
16265,42.97
16273,46.88
16277,50.78
16281,57.62
16290,63.48
16293,76.17
16301,88.87
16305,91.80
16310,83.01
16318,84.96
16322,85.94
16330,91.80
16334,89.84
16338,91.80
16346,94.73
16351,103.52
16359,101.56
16363,96.68
16367,98.63
16375,97.66
16379,98.63
16383,94.73
16392,82.03
16396,71.29
16404,65.43
16408,57.62
16412,53.71
16420,47.85
16425,44.92
16432,40.04
16437,43.95
16441,42.97
16449,40.04
16453,38.09
16457,36.13
16465,35.16
16469,36.13
16478,36.13
16482,36.13
16486,35.16
16494,35.16
16498,36.13
16506,34.18
16511,36.13
16514,37.11
16523,37.11
16527,39.06
16535,39.06
16539,41.99
16543,42.97
16551,45.90
16556,48.83
16560,52.73
16568,60.55
16572,72.27
16580,83.98
16584,90.82
16589,88.87
16597,83.98
16601,84.96
16609,83.01
16613,91.80
16617,91.80
16625,99.61
16629,103.52
16637,104.49
16641,101.56
16646,99.61
16654,98.63
16658,97.66
16666,98.63
16670,92.77
16674,77.15
16683,72.27
16687,64.45
16691,60.55
16699,57.62
16703,51.76
16711,50.78
16715,46.88
16720,44.92
16728,42.97
16732,41.02
16740,40.04
16744,38.09
16748,38.09
16756,35.16
16760,35.16
16768,36.13
16773,36.13
16777,35.16
16785,36.13
16789,35.16
16793,38.09
16801,38.09
16805,39.06
16814,40.04
16818,41.99
16822,41.99
16830,44.92
16834,45.90
16842,51.76
16846,56.64
16850,64.45
16859,76.17
16863,88.87
16871,93.75
16875,82.03
16879,84.96
16887,85.94
16891,88.87
16895,89.84
16904,92.77
16908,100.59
16916,102.54
16920,101.56
16924,98.63
16932,101.56
16936,97.66
16945,97.66
16949,94.73
16953,82.03
16961,75.20
16965,70.31
16973,62.50
16977,58.59
16981,54.69
16990,51.76
16994,46.88
17002,46.88
17006,44.92
17010,42.97
17018,41.02
17022,40.04
17026,40.04
17035,39.06
17039,37.11
17047,39.06
17051,37.11
17055,36.13
17063,38.09
17067,36.13
17075,37.11
17080,37.11
17084,38.09
17092,39.06
17096,41.02
17100,42.97
17109,43.95
17112,46.88
17121,51.76
17125,53.71
17129,60.55
17137,72.27
17141,84.96
17149,89.84
17154,86.91
17158,83.01
17166,82.03
17170,83.98
17178,89.84
17182,94.73
17186,98.63
17194,104.49
17198,103.52
17207,100.59
17211,96.68
17215,99.61
17223,97.66
17227,95.70
17231,88.87
17239,73.24
17244,70.31
17252,64.45
17256,62.50
17260,54.69
17268,49.80
17272,46.88
17280,46.88
17285,46.88
17289,42.97
17297,41.99
17301,41.02
17309,39.06
17313,38.09
17317,38.09
17326,37.11
17330,37.11
17334,36.13
17342,36.13
17346,37.11
17354,37.11
17358,37.11
17362,38.09
17371,39.06
17375,40.04
17383,41.99
17387,41.99
17391,44.92
17399,47.85
17403,50.78
17408,56.64
17416,66.41
17420,76.17
17428,89.84
17432,91.80
17436,81.05
17444,83.01
17448,83.01
17457,87.89
17461,88.87
17465,88.87
17473,97.66
17477,105.47
17485,105.47
17489,97.66
17493,100.59
17502,101.56
17506,98.63
17514,98.63
17518,85.94
17522,75.20
17530,72.27
17534,63.48
17542,59.57
17547,53.71
17551,49.80
17559,47.85
17563,49.80
17567,46.88
17575,41.99
17580,41.02
17588,41.02
17592,40.04
17596,39.06
17604,37.11
17608,36.13
17616,37.11
17620,37.11
17625,37.11
17633,37.11
17637,37.11
17641,38.09
17649,39.06
17653,40.04
17661,41.99
17666,42.97
17670,42.97
17678,45.90
17682,49.80
17690,54.69
17694,61.52
17698,72.27
17707,83.98
17710,94.73
17719,82.03
17723,83.01
17727,83.98
17735,81.05
17739,88.87
17747,86.91
17751,100.59
17756,104.49
17764,105.47
17768,99.61
17776,100.59
17780,100.59
17784,99.61
17793,96.68
17797,93.75
17801,76.17
17809,70.31
17813,66.41
17821,61.52
17825,55.66
17829,50.78
17838,48.83
17842,48.83
17850,46.88
17854,42.97
17858,41.02
17866,39.06
17870,38.09
17878,40.04
17883,37.11
17887,36.13
17895,36.13
17899,36.13
17903,35.16
17911,37.11
17915,36.13
17923,37.11
17928,37.11
17932,40.04
17940,40.04
17944,41.02
17952,42.97
17956,44.92
17960,47.85
17969,51.76
17973,57.62
17977,64.45
17985,78.12
17989,90.82
17997,86.91
18001,79.10
18005,82.03
18014,86.91
18018,91.80
18026,96.68
18030,92.77
18034,102.54
18042,108.40
18046,103.52
18055,98.63
18059,99.61
18063,103.52
18071,99.61
18075,96.68
18083,85.94
18087,72.27
18092,67.38
18100,63.48
18104,60.55
18112,55.66
18116,51.76
18120,46.88
18128,46.88
18132,43.95
18137,42.97
18145,41.02
18149,39.06
18157,40.04
18161,39.06
18165,37.11
18173,34.18
18178,35.16
18186,36.13
18190,36.13
18194,37.11
18202,37.11
18206,39.06
18210,39.06
18218,39.06
18223,41.02
18231,43.95
18235,43.95
18239,45.90
18247,50.78
18251,53.71
18259,59.57
18264,71.29
18268,83.98
18276,92.77
18280,89.84
18288,84.96
18292,83.98
18296,88.87
18304,92.77
18308,94.73
18317,100.59
18321,107.42
18325,108.40
18333,101.56
18337,99.61
18345,100.59
18350,101.56
18354,98.63
18362,91.80
18366,77.15
18374,66.41
18378,64.45
18382,58.59
18391,54.69
18395,47.85
18399,47.85
18407,46.88
18411,45.90
18419,43.95
18423,42.97
18427,41.02
18436,41.02
18440,38.09
18448,37.11
18452,37.11
18456,37.11
18464,36.13
18468,38.09
18472,36.13
18481,37.11
18485,37.11
18493,38.09
18497,40.04
18501,41.99
18509,42.97
18513,43.95
18521,45.90
18526,47.85
18530,51.76
18538,58.59
18542,67.38
18550,78.12
18554,91.80
18558,93.75
18567,83.98
18571,86.91
18575,83.98
18583,89.84
18587,94.73
18595,92.77
18599,102.54
18603,107.42
18612,104.49
18616,96.68
18624,99.61
18628,99.61
18632,95.70
18640,95.70
18644,80.08
18653,73.24
18657,69.34
18661,62.50
18669,58.59
18673,54.69
18681,49.80
18685,50.78
18690,47.85
18698,46.88
18702,43.95
18706,41.99
18714,40.04
18718,39.06
18726,37.11
18730,39.06
18735,37.11
18743,38.09
18747,36.13
18755,38.09
18759,37.11
18763,38.09
18771,37.11
18776,39.06
18780,39.06
18788,41.02
18792,41.99
18800,44.92
18804,45.90
18808,49.80
18816,54.69
18821,58.59
18829,72.27
18833,83.98
18837,93.75
18845,91.80
18849,87.89
18857,84.96
18862,87.89
18866,91.80
18874,91.80
18878,95.70
18886,109.37
18890,108.40
18894,103.52
18902,99.61
18907,101.56
18915,99.61
18919,100.59
18923,89.84
18931,77.15
18935,70.31
18939,63.48
18948,57.62
18952,55.66
18960,53.71
18964,48.83
18968,50.78
18976,48.83
18980,44.92
18988,41.02
18993,39.06
18997,37.11
19005,38.09
19009,40.04
19017,37.11
19021,38.09
19025,38.09
19034,36.13
19038,37.11
19042,36.13
19050,37.11
19054,37.11
19062,40.04
19066,40.04
19070,40.04
19079,41.99
19083,44.92
19091,48.83
19095,50.78
19099,58.59
19107,64.45
19111,78.12
19119,90.82
19124,88.87
19128,81.05
19136,85.94
19140,88.87
19144,88.87
19152,88.87
19156,89.84
19164,98.63
19169,107.42
19173,103.52
19181,96.68
19185,99.61
19193,98.63
19197,100.59
19201,96.68
19210,87.89
19214,75.20
19222,69.34
19226,64.45
19230,61.52
19238,55.66
19242,52.73
19250,49.80
19255,50.78
19259,46.88
19267,43.95
19271,42.97
19275,41.02
19283,40.04
19287,39.06
19295,38.09
19300,38.09
19304,38.09
19312,38.09
19316,36.13
19324,37.11
19328,37.11
19332,38.09
19341,38.09
19345,39.06
19349,40.04
19357,41.02
19361,42.97
19369,45.90
19374,49.80
19378,54.69
19386,59.57
19390,69.34
19398,83.98
19402,95.70
19406,88.87
19414,84.96
19418,86.91
19427,85.94
19431,89.84
19435,89.84
19443,96.68
19447,100.59
19455,106.45
19459,102.54
19463,100.59
19472,99.61
19476,100.59
19484,102.54
19488,95.70
19492,76.17
19500,71.29
19504,70.31
19509,62.50
19517,59.57
19521,51.76
19529,49.80
19533,50.78
19537,48.83
19545,45.90
19550,42.97
19558,41.02
19562,41.02
19566,40.04
19574,39.06
19578,38.09
19586,38.09
19590,37.11
19595,37.11
19603,36.13
19607,37.11
19611,36.13
19619,39.06
19623,39.06
19631,41.02
19636,42.97
19640,42.97
19648,44.92
19652,46.88
19660,53.71
19664,58.59
19668,67.38
19677,78.12
19681,90.82
19689,92.77
19693,87.89
19697,89.84
19705,83.98
19709,91.80
19713,94.73
19722,93.75
19726,101.56
19734,106.45
19738,104.49
19742,98.63
19750,102.54
19754,99.61
19763,98.63
19767,97.66
19771,92.77
19779,77.15
19783,72.27
19791,67.38
19795,60.55
19799,57.62
19808,54.69
19812,50.78
19820,50.78
19824,47.85
19828,44.92
19836,42.97
19840,41.02
19845,39.06
19853,38.09
19857,38.09
19865,37.11
19869,37.11
19873,38.09
19881,37.11
19885,39.06
19894,39.06
19898,37.11
19902,39.06
19910,40.04
19914,41.02
19922,42.97
19926,43.95
19930,47.85
19939,51.76
19943,53.71
19947,61.52
19955,70.31
19959,83.01
19967,90.82
19971,89.84
19975,86.91
19984,84.96
19988,84.96
19996,88.87
20000,92.77
20004,93.75
20012,103.52
20016,105.47
20025,102.54
20029,101.56
20033,99.61
20041,100.59
20045,99.61
20053,96.68
20058,79.10
20061,72.27
20070,68.36
20074,63.48
20082,57.62
20086,51.76
20090,48.83
20098,48.83
20102,46.88
20107,43.95
20115,41.99
20119,41.02
20127,39.06
20131,39.06
20135,39.06
20144,38.09
20147,37.11
20156,37.11
20160,37.11
20164,36.13
20172,37.11
20176,37.11
20180,38.09
20189,39.06
20193,40.04
20201,41.02
20205,42.97
20209,44.92
20217,48.83
20221,51.76
20229,58.59
20234,66.41
20238,77.15
20246,88.87
20250,93.75
20258,80.08
20262,86.91
20266,82.03
20274,89.84
20279,92.77
20283,89.84
20291,98.63
20295,107.42
20303,106.45
20307,95.70
20311,103.52
20320,100.59
20324,98.63
20332,98.63
20336,83.98
20340,74.22
20348,65.43
20352,60.55
20360,59.57
20365,51.76
20369,46.88
20377,44.92
20381,44.92
20389,43.95
20393,41.99
20397,40.04
20406,40.04
20410,40.04
20414,38.09
20422,39.06
20426,36.13
20434,36.13
20438,36.13
20443,36.13
20451,35.16
20455,36.13
20463,37.11
20467,38.09
20471,40.04
20479,41.99
20483,41.99
20491,43.95
20496,46.88
20500,50.78
20508,54.69
20512,60.55
20516,70.31
20524,82.03
20528,88.87
20537,87.89
20541,87.89
20545,89.84
20553,86.91
20557,92.77
20565,92.77
20569,101.56
20573,103.52
20582,108.40
20586,101.56
20594,99.61
20598,97.66
20602,102.54
20610,99.61
20615,92.77
20623,73.24
20627,68.36
20631,63.48
20639,57.62
20643,52.73
20651,46.88
20655,45.90
20660,45.90
20668,44.92
20672,41.99
20676,41.02
20684,41.02
20688,39.06
20696,39.06
20701,39.06
20705,37.11
20713,36.13
20717,37.11
20725,37.11
20729,37.11
20733,38.09
20742,37.11
20746,38.09
20750,40.04
20758,41.02
20762,43.95
20770,41.99
20774,44.92
20778,48.83
20787,52.73
20791,56.64
20799,66.41
20803,79.10
20807,88.87
20815,87.89
20819,81.05
20827,86.91
20831,86.91
20836,85.94
20844,88.87
20848,92.77
20852,99.61
20860,107.42
20864,104.49
20873,97.66
20877,102.54
20881,99.61
20889,98.63
20893,96.68
20901,77.15
20905,76.17
20909,69.34
20918,62.50
20922,59.57
20930,52.73
20934,49.80
20938,47.85
20946,47.85
20950,46.88
20958,42.97
20963,43.95
20967,41.02
20975,39.06
20979,40.04
20983,40.04
20991,37.11
20995,37.11
21004,39.06
21008,38.09
21012,36.13
21020,37.11
21024,39.06
21032,39.06
21036,41.99
21041,41.02
21049,43.95
21053,44.92
21057,46.88
21065,50.78
21069,53.71
21077,60.55
21081,70.31
21086,83.98
21094,93.75
21098,87.89
21106,87.89
21110,86.91
21114,85.94
21122,93.75
21126,90.82
21135,101.56
21139,108.40
21143,104.49
21151,102.54
21155,101.56
21163,99.61
21167,101.56
21172,99.61
21180,92.77
21184,80.08
21192,73.24
21196,68.36
21200,63.48
21208,57.62
21213,53.71
21221,49.80
21225,49.80
21229,47.85
21237,46.88
21241,41.99
21245,40.04
21253,41.02
21258,40.04
21266,39.06
21270,38.09
21274,36.13
21282,37.11
21286,36.13
21294,38.09
21298,38.09
21303,38.09
21311,39.06
21315,39.06
21319,40.04
21327,41.02
21331,44.92
21339,44.92
21343,48.83
21348,50.78
21356,57.62
21360,67.38
21368,79.10
21372,95.70
21376,93.75
21384,85.94
21389,86.91
21397,86.91
21401,90.82
21401,96.68
21409,97.66
21417,106.45
21425,113.28
21429,106.45
21434,101.56
21442,102.54
21446,101.56
21454,102.54
21458,98.63
21462,83.01
21470,75.20
21475,71.29
21483,66.41
21487,61.52
21491,56.64
21499,52.73
21503,48.83
21507,48.83
21516,45.90
21520,43.95
21528,41.02
21532,39.06
21536,39.06
21544,38.09
21548,38.09
21556,37.11
21561,37.11
21565,37.11
21573,37.11
21577,39.06
21585,38.09
21589,38.09
21593,40.04
21602,41.99
21606,41.02
21610,42.97
21618,45.90
21622,46.88
21630,50.78
21634,55.66
21639,63.48
21647,75.20
21651,88.87
21659,89.84
21663,83.98
21667,85.94
21675,85.94
21679,88.87
21687,95.70
21692,95.70
21696,103.52
21704,109.37
21708,105.47
21716,101.56
21720,102.54
21725,99.61
21733,100.59
21737,99.61
21745,91.80
21749,78.12
21753,73.24
21761,68.36
21765,62.50
21769,54.69
21778,50.78
21782,48.83
21790,47.85
21794,44.92
21798,42.97
21806,41.99
21811,38.09
21819,36.13
21823,37.11
21827,37.11
21835,37.11
21839,35.16
21847,37.11
21851,37.11
21855,36.13
21864,37.11
21868,40.04
21872,39.06
21880,40.04
21884,41.02
21892,41.99
21896,44.92
21901,45.90
21909,49.80
21913,53.71
21921,59.57
21925,71.29
21929,82.03
21937,94.73
21942,90.82
21950,85.94
21954,87.89
21958,88.87
21966,94.73
21970,95.70
21974,97.66
21982,106.45
21987,107.42
21995,104.49
21999,101.56
22003,99.61
22011,100.59
22015,102.54
22024,95.70
22028,81.05
22032,72.27
22040,66.41
22044,61.52
22052,58.59
22056,52.73
22060,49.80
22069,48.83
22073,46.88
22081,43.95
22085,41.02
22089,40.04
22097,38.09
22101,37.11
22109,39.06
22114,37.11
22118,38.09
22126,36.13
22130,37.11
22134,38.09
22142,37.11
22146,39.06
22155,40.04
22159,40.04
22163,41.02
22171,41.99
22175,42.97
22183,45.90
22187,47.85
22191,50.78
22200,58.59
22204,67.38
22208,81.05
22216,87.89
22220,90.82
22228,86.91
22232,87.89
22236,86.91
22245,89.84
22249,91.80
22257,96.68
22261,104.49
22265,108.40
22273,105.47
22277,97.66
22286,101.56
22290,100.59
22294,95.70
22302,98.63
22306,85.94
22314,77.15
22318,66.41
22322,61.52
22331,58.59
22335,52.73
22343,49.80
22347,45.90
22351,47.85
22359,45.90
22363,42.97
22368,41.99
22376,39.06
22380,39.06
22388,39.06
22392,38.09
22396,39.06
22404,37.11
22409,37.11
22417,37.11
22421,39.06
22425,39.06
22434,40.04
22437,40.04
22446,41.99
22449,41.02
22454,42.97
22462,43.95
22466,46.88
22470,51.76
22478,54.69
22482,63.48
22490,71.29
22494,85.94
22499,92.77
22507,88.87
22511,88.87
22519,85.94
22523,88.87
22527,91.80
22535,93.75
22539,97.66
22548,109.37
22552,105.47
22556,102.54
22564,100.59
22568,99.61
22576,100.59
22580,97.66
22585,92.77
22593,76.17
22597,69.34
22605,65.43
22609,58.59
22613,56.64
22622,50.78
22626,48.83
22630,50.78
22638,47.85
22642,44.92
22650,42.97
22654,41.99
22658,40.04
22667,39.06
22671,39.06
22679,38.09
22683,38.09
22687,37.11
22695,39.06
22699,39.06
22703,37.11
22712,37.11
22716,39.06
22724,39.06
22728,41.02
22732,41.02
22740,41.99
22744,44.92
22752,49.80
22757,53.71
22761,59.57
22769,69.34
22773,81.05
22781,93.75
22785,94.73
22789,85.94
22797,85.94
22802,82.03
22806,89.84
22814,94.73
22818,94.73
22826,104.49
22830,110.35
22834,105.47
22843,102.54
22847,100.59
22855,99.61
22859,99.61
22863,93.75
22871,82.03
22875,74.22
22884,67.38
22888,63.48
22892,58.59
22900,54.69
22904,50.78
22912,48.83
22916,47.85
22921,47.85
22929,43.95
22933,41.99
22941,39.06
22945,39.06
22949,38.09
22957,37.11
22961,36.13
22965,37.11
22974,37.11
22978,36.13
22986,38.09
22990,38.09
22994,39.06
23002,40.04
23006,40.04
23015,42.97
23019,43.95
23023,45.90
23031,47.85
23035,51.76
23039,54.69
23047,64.45
23051,74.22
23060,87.89
23064,92.77
23068,86.91
23076,84.96
23080,85.94
23088,86.91
23092,91.80
23096,91.80
23105,101.56
23109,107.42
23117,105.47
23121,94.73
23125,99.61
23133,99.61
23137,100.59
23146,97.66
23150,89.84
23154,76.17
23162,67.38
23166,65.43
23174,58.59
23179,52.73
23183,49.80
23191,46.88
23195,50.78
23199,46.88
23207,42.97
23211,41.02
23219,39.06
23223,38.09
23228,36.13
23236,37.11
23240,37.11
23248,38.09
23252,36.13
23256,36.13
23264,37.11
23269,38.09
23273,38.09
23281,39.06
23285,39.06
23293,40.04
23297,41.99
23301,42.97
23309,47.85
23314,47.85
23322,53.71
23326,61.52
23330,71.29
23338,82.03
23342,93.75
23350,88.87
23355,87.89
23359,84.96
23367,84.96
23371,90.82
23371,88.87
23379,96.68
23387,109.37
23395,109.37
23400,105.47
23408,101.56
23412,101.56
23416,101.56
23424,101.56
23428,96.68
23437,79.10
23441,70.31
23445,67.38
23453,61.52
23457,57.62
23461,52.73
23469,47.85
23473,46.88
23482,46.88
23486,43.95
23490,42.97
23498,40.04
23502,39.06
23510,38.09
23514,36.13
23518,36.13
23527,37.11
23531,37.11
23539,38.09
23543,37.11
23547,37.11
23555,38.09
23559,38.09
23564,39.06
23572,41.99
23576,41.02
23584,43.95
23588,45.90
23592,47.85
23600,53.71
23604,59.57
23613,67.38
23617,79.10
23621,94.73
23629,89.84
23633,84.96
23641,83.98
23645,83.98
23649,92.77
23658,91.80
23662,97.66
23666,106.45
23674,109.37
23678,104.49
23686,104.49
23690,101.56
23699,101.56
23703,98.63
23707,96.68
23715,82.03
23719,76.17
23723,69.34
23731,64.45
23735,57.62
23744,52.73
23748,48.83
23752,47.85
23760,46.88
23764,45.90
23772,43.95
23777,41.02
23780,39.06
23789,40.04
23793,38.09
23801,37.11
23805,38.09
23809,36.13
23817,37.11
23822,36.13
23826,37.11
23834,37.11
23838,38.09
23846,40.04
23850,40.04
23854,41.02
23863,41.99
23867,44.92
23875,47.85
23879,49.80
23883,52.73
23891,62.50
23895,75.20
23899,87.89
23908,91.80
23912,88.87
23920,87.89
23924,86.91
23928,89.84
23936,93.75
23940,95.70
23949,107.42
23953,107.42
23957,107.42
23965,94.73
23969,105.47
23977,98.63
23981,101.56
23985,97.66
23994,86.91
23998,75.20
24006,71.29
24010,60.55
24014,55.66
24023,53.71
24027,45.90
24034,44.92
24039,45.90
24043,45.90
24051,42.97
24055,40.04
24059,40.04
24067,38.09
24071,38.09
24080,37.11
24084,37.11
24088,36.13
24096,36.13
24100,39.06
24108,39.06
24112,37.11
24116,37.11
24125,39.06
24129,40.04
24137,41.02
24141,42.97
24145,44.92
24153,46.88
24157,48.83
24162,55.66
24170,58.59
24174,70.31
24182,83.98
24186,94.73
24190,90.82
24198,88.87
24202,87.89
24211,86.91
24215,92.77
24219,87.89
24227,94.73
24231,104.49
24239,104.49
24243,100.59
24248,100.59
24256,99.61
24260,99.61
24268,98.63
24272,93.75
24276,78.12
24284,71.29
24289,66.41
24293,59.57
24301,56.64
24305,53.71
24313,48.83
24317,50.78
24321,47.85
24329,45.90
24333,42.97
24342,41.02
24346,40.04
24350,38.09
24358,39.06
24362,37.11
24370,37.11
24375,38.09
24378,37.11
24387,37.11
24391,37.11
24395,39.06
24403,38.09
24407,39.06
24415,41.02
24419,41.02
24424,42.97
24432,44.92
24436,47.85
24444,51.76
24448,58.59
24452,68.36
24461,79.10
24465,90.82
24473,89.84
24477,83.01
24481,85.94
24489,79.10
24493,86.91
24497,90.82
24505,93.75
24510,99.61
24518,106.45
24522,103.52
24526,99.61
24534,98.63
24538,98.63
24547,99.61
24551,95.70
24555,81.05
24563,76.17
24567,70.31
24575,64.45
24579,59.57
24583,55.66
24592,49.80
24596,50.78
24600,49.80
24608,47.85
24612,43.95
24620,41.02
24624,39.06
24628,39.06
24637,40.04
24641,39.06
24649,36.13
24653,38.09
24657,37.11
24665,37.11
24669,36.13
24674,38.09
24682,37.11
24686,38.09
24694,40.04
24698,41.02
24702,41.99
24710,44.92
24714,46.88
24723,50.78
24727,55.66
24731,62.50
24739,74.22
24743,85.94
24751,91.80
24755,87.89
24759,86.91
24768,83.98
24772,84.96
24776,91.80
24784,95.70
24788,101.56
24796,103.52
24800,105.47
24805,97.66
24813,99.61
24817,98.63
24825,99.61
24829,97.66
24833,94.73
24841,75.20
24846,73.24
24854,67.38
24858,61.52
24862,57.62
24870,52.73
24874,46.88
24882,48.83
24886,46.88
24891,43.95
24899,40.04
24903,39.06
24907,38.09
24915,37.11
24919,39.06
24927,37.11
24932,36.13
24936,35.16
24944,39.06
24948,37.11
24956,37.11
24960,38.09
24964,38.09
24973,40.04
24977,40.04
24981,41.02
24989,42.97
24993,45.90
25001,48.83
25005,54.69
25009,60.55
25018,68.36
25022,83.01
25030,93.75
25034,91.80
25038,86.91
25046,86.91
25050,89.84
25058,93.75
25062,96.68
25067,101.56
25075,105.47
25079,108.40
25087,104.49
25091,100.59
25095,99.61
25104,102.54
25108,98.63
25116,93.75
25120,81.05
25124,69.34
25132,66.41
25136,61.52
25144,56.64
25149,50.78
25153,47.85
25161,46.88
25165,44.92
25169,42.97
25177,39.06
25181,37.11
25190,36.13
25194,36.13
25198,36.13
25206,37.11
25210,37.11
25218,37.11
25222,37.11
25226,37.11
25235,38.09
25239,37.11
25243,40.04
25251,38.09
25255,40.04
25263,41.02
25268,42.97
25272,45.90
25280,47.85
25284,53.71
25292,57.62
25296,67.38
25300,78.12
25308,92.77
25312,90.82
25321,86.91
25325,86.91
25329,87.89
25337,84.96
25341,90.82
25349,93.75
25353,96.68
25358,105.47
25366,101.56
25370,96.68
25378,100.59
25382,100.59
25386,98.63
25394,98.63
25398,83.98
25403,72.27
25411,64.45
25415,57.62
25423,54.69
25427,48.83
25431,46.88
25439,41.99
25444,44.92
25452,41.99
25456,41.02
25460,40.04
25468,38.09
25472,38.09
25476,37.11
25485,36.13
25488,38.09
25497,37.11
25501,38.09
25505,39.06
25513,37.11
25517,37.11
25525,37.11
25529,39.06
25534,39.06
25542,41.99
25546,41.99
25554,43.95
25558,46.88
25562,49.80
25570,54.69
25574,62.50
25579,74.22
25587,87.89
25591,92.77
25599,87.89
25603,85.94
25607,86.91
25615,85.94
25620,91.80
25628,93.75
25632,103.52
25636,108.40
25644,106.45
25648,97.66
25656,105.47
25660,99.61
25665,97.66
25673,99.61
25677,87.89
25685,76.17
25689,70.31
25693,64.45
25701,56.64
25706,52.73
25710,49.80
25718,44.92
25722,46.88
25730,44.92
25734,43.95
25738,41.99
25747,39.06
25751,40.04
25759,38.09
25763,39.06
25767,37.11
25775,37.11
25779,39.06
25787,37.11
25792,37.11
25796,39.06
25804,38.09
25808,38.09
25812,41.02
25820,41.02
25824,41.99
25833,43.95
25837,45.90
25841,51.76
25849,54.69
25853,60.55
25861,70.31
25865,84.96
25870,95.70
25878,89.84
25882,85.94
25890,85.94
25894,85.94
25898,92.77
25906,91.80
25910,96.68
25919,107.42
25923,110.35
25927,103.52
25935,101.56
25939,99.61
25947,102.54
25951,97.66
25956,94.73
25964,78.12
25968,72.27
25972,66.41
25980,60.55
25984,55.66
25993,50.78
25996,47.85
26001,46.88
26009,46.88
26013,42.97
26021,41.99
26025,39.06
26029,41.02
26037,40.04
26041,39.06
26050,37.11
26054,37.11
26058,36.13
26066,37.11
26070,38.09
26074,37.11
26082,37.11
26086,38.09
26095,40.04
26099,41.02
26103,41.99
26111,43.95
26115,45.90
26123,47.85
26128,52.73
26132,58.59
26140,68.36
26144,81.05
26148,93.75
26156,91.80
26160,86.91
26168,86.91
26172,86.91
26177,88.87
26185,92.77
26189,92.77
26197,103.52
26201,110.35
26205,107.42
26214,102.54
26218,99.61
26226,103.52
26230,101.56
26234,97.66
26242,82.03
26246,75.20
26254,68.36
26259,64.45
26263,58.59
26271,52.73
26275,48.83
26283,47.85
26287,48.83
26291,45.90
26299,42.97
26304,42.97
26308,41.02
26316,41.02
26320,41.02
26328,39.06
26332,36.13
26336,37.11
26344,37.11
26349,37.11
26357,37.11
26361,38.09
26365,39.06
26373,39.06
26378,40.04
26385,42.97
26390,42.97
26394,45.90
26402,48.83
26406,53.71
26410,55.66
26418,64.45
26422,75.20
26431,88.87
26435,89.84
26439,83.01
26447,83.98
26451,83.98
26459,85.94
26463,91.80
26467,93.75
26476,102.54
26480,78.12
26488,53.71
26492,42.97
26496,37.11
26504,34.18
26508,28.32
26513,28.32
26521,26.37
26525,24.41
26533,23.44
26537,20.51
26541,20.51
26549,19.53
26554,20.51
26562,30.27
26566,37.11
26570,37.11
26578,35.16
26582,33.20
26590,34.18
26594,33.20
26599,34.18
26607,34.18
26611,34.18
26615,32.23
26623,33.20
26627,34.18
26636,33.20
26640,34.18
26644,35.16
26652,34.18
26656,35.16
26664,35.16
26668,37.11
26672,39.06
26680,41.99
26685,46.88
26689,47.85
26697,54.69
26701,64.45
26709,76.17
26713,83.01
26717,82.03
26726,79.10
26730,76.17
26738,82.03
26742,83.98
26746,87.89
26754,90.82
26758,97.66
26766,99.61
26771,96.68
26775,96.68
26783,93.75
26787,93.75
26791,93.75
26799,87.89
26803,74.22
26812,68.36
26816,64.45
26820,57.62
26828,54.69
26832,50.78
26840,44.92
26844,46.88
26848,44.92
26857,41.99
26861,40.04
26865,39.06
26873,37.11
26877,37.11
26885,37.11
26889,34.18
26893,36.13
26902,34.18
26906,34.18
26914,36.13
26918,34.18
26922,37.11
26930,37.11
26934,38.09
26942,39.06
26947,41.02
26951,42.97
26959,43.95
26963,46.88
26967,51.76
26975,55.66
26979,64.45
26988,76.17
26992,91.80
26996,93.75
27004,88.87
27008,86.91
27016,85.94
27020,89.84
27024,91.80
27033,91.80
27037,105.47
27045,109.37
27049,106.45
27053,101.56
27061,103.52
27065,100.59
27074,97.66
27078,96.68
27082,84.96
27090,74.22
27094,67.38
27102,62.50
27106,55.66
27111,51.76
27119,46.88
27123,46.88
27127,46.88
27135,43.95
27139,41.02
27147,38.09
27151,36.13
27155,37.11
27164,37.11
27168,35.16
27176,35.16
27180,35.16
27184,35.16
27192,36.13
27196,35.16
27205,37.11
27209,37.11
27213,39.06
27221,39.06
27225,40.04
27229,42.97
27237,43.95
27241,46.88
27250,50.78
27254,54.69
27258,62.50
27266,76.17
27270,84.96
27278,92.77
27283,90.82
27287,85.94
27295,85.94
27299,85.94
27307,93.75
27311,93.75
27315,103.52
27324,107.42
27328,106.45
27336,99.61
27340,104.49
27344,98.63
27352,100.59
27356,99.61
27364,88.87
27369,77.15
27373,69.34
27381,67.38
27385,62.50
27389,56.64
27397,51.76
27401,46.88
27410,43.95
27414,44.92
27418,43.95
27426,39.06
27430,39.06
27438,39.06
27442,39.06
27446,38.09
27455,35.16
27459,36.13
27463,36.13
27471,36.13
27475,37.11
27483,39.06
27487,37.11
27491,38.09
27500,39.06
27504,41.99
27512,42.97
27516,42.97
27520,45.90
27528,48.83
27532,53.71
27540,61.52
27545,70.31
27549,82.03
27557,89.84
27561,89.84
27569,85.94
27573,83.98
27577,84.96
27586,90.82
27590,92.77
27594,98.63
27602,105.47
27606,109.37
27614,103.52
27618,104.49
27623,99.61
27631,99.61
27635,100.59
27643,94.73
27647,79.10
27651,73.24
27659,67.38
27663,59.57
27672,55.66
27676,52.73
27680,49.80
27688,47.85
27692,45.90
27700,43.95
27704,40.04
27709,39.06
27717,38.09
27721,38.09
27725,38.09
27733,39.06
27737,37.11
27745,37.11
27749,37.11
27754,39.06
27762,37.11
27766,38.09
27774,39.06
27778,39.06
27782,41.02
27790,41.02
27795,43.95
27799,44.92
27807,48.83
27811,53.71
27819,57.62
27823,67.38
27827,78.12
27836,92.77
27840,90.82
27848,87.89
27852,88.87
27856,86.91
27864,91.80
27868,92.77
27876,90.82
27880,102.54
27885,110.35
27893,106.45
27897,97.66
27905,102.54
27909,100.59
27913,99.61
27922,97.66
27926,86.91
27934,80.08
27938,73.24
27942,67.38
27950,62.50
27954,56.64
27958,52.73
27967,49.80
27971,48.83
27979,45.90
27983,42.97
27987,41.02
27995,41.02
27999,39.06
28008,40.04
28012,38.09
28016,38.09
28024,38.09
28028,37.11
28036,37.11
28040,40.04
28044,39.06
28053,38.09
28057,40.04
28061,41.02
28069,41.02
28073,43.95
28081,44.92
28085,47.85
28089,50.78
28098,56.64
28102,65.43
28110,76.17
28114,87.89
28118,94.73
28126,90.82
28130,89.84
28138,86.91
28143,86.91
28143,94.73
28147,92.77
28159,103.52
28167,108.40
28171,106.45
28175,100.59
28184,104.49
28188,100.59
28196,101.56
28200,99.61
28204,92.77
28212,78.12
28216,73.24
28224,68.36
28229,61.52
28233,59.57
28241,52.73
28245,48.83
28249,45.90
28257,47.85
28261,42.97
28270,41.02
28274,41.02
28278,39.06
28286,37.11
28290,38.09
28298,38.09
28302,36.13
28307,36.13
28315,37.11
28319,37.11
28323,37.11
28331,38.09
28335,40.04
28343,41.02
28347,41.02
28352,42.97
28360,43.95
28364,47.85
28372,49.80
28376,54.69
28380,61.52
28388,71.29
28392,84.96
28401,95.70
28405,94.73
28409,87.89
28417,88.87
28421,91.80
28429,96.68
28430,93.75
28433,99.61
28446,109.37
28450,109.37
28458,106.45
28462,103.52
28466,104.49
28474,106.45
28479,103.52
28487,98.63
28491,81.05
28495,74.22
28503,71.29
28507,64.45
28511,57.62
28520,50.78
28524,47.85
28532,47.85
28536,46.88
28540,44.92
28548,40.04
28552,40.04
28560,39.06
28565,37.11
28569,38.09
28577,39.06
28581,37.11
28589,37.11
28593,38.09
28597,37.11
28606,37.11
28610,39.06
28614,38.09
28622,41.02
28626,41.02
28634,42.97
28638,43.95
28642,46.88
28651,49.80
28655,53.71
28663,60.55
28667,69.34
28671,81.05
28679,93.75
28683,94.73
28691,86.91
28696,90.82
28700,89.84
28708,91.80
28708,91.80
28712,94.73
28724,105.47
28728,108.40
28736,106.45
28741,102.54
28749,103.52
28753,101.56
28757,104.49
28765,99.61
28769,85.94
28777,80.08
28782,74.22
28786,67.38
28794,63.48
28798,54.69
28802,51.76
28810,50.78
28814,48.83
28823,46.88
28827,43.95
28831,41.99
28839,41.02
28843,40.04
28851,39.06
28855,40.04
28859,38.09
28868,38.09
28872,38.09
28876,39.06
28884,39.06
28888,38.09
28896,40.04
28900,39.06
28905,40.04
28913,41.99
28917,43.95
28925,45.90
28929,48.83
28933,50.78
28941,57.62
28945,65.43
28954,76.17
28958,92.77
28962,92.77
28970,87.89
28974,86.91
28978,87.89
28986,91.80
28990,93.75
28991,92.77
29003,106.45
29007,109.37
29015,106.45
29019,97.66
29027,105.47
29031,104.49
29040,101.56
29044,102.54
29048,88.87
29056,78.12
29060,71.29
29064,62.50
29072,58.59
29077,53.71
29085,51.76
29089,48.83
29093,48.83
29101,44.92
29105,43.95
29113,41.99
29117,41.02
29122,41.02
29130,40.04
29134,39.06
29142,39.06
29146,38.09
29150,39.06
29158,38.09
29163,37.11
29167,38.09
29175,39.06
29179,39.06
29187,41.02
29191,43.95
29195,42.97
29204,45.90
29208,47.85
29216,50.78
29220,56.64
29224,63.48
29232,72.27
29236,87.89
29244,94.73
29249,91.80
29253,89.84
29261,87.89
29265,91.80
29265,98.63
29273,95.70
29277,104.49
29289,110.35
29293,110.35
29302,105.47
29306,104.49
29310,100.59
29318,103.52
29322,103.52
29330,93.75
29335,80.08
29339,75.20
29347,70.31
29351,63.48
29355,56.64
29363,51.76
29367,47.85
29375,50.78
29379,46.88
29384,47.85
29392,43.95
29396,41.99
29404,42.97
29408,41.02
29412,41.02
29421,40.04
29425,39.06
29429,37.11
29437,38.09
29441,38.09
29449,38.09
29453,38.09
29457,40.04
29466,41.02
29470,41.02
29478,41.99
29482,44.92
29486,47.85
29494,51.76
29498,55.66
29506,60.55
29511,70.31
29515,83.01
29523,93.75
29527,90.82
29535,87.89
29539,88.87
29543,90.82
29543,91.80
29552,90.82
29556,102.54
29568,109.37
29572,112.30
29580,107.42
29584,106.45
29592,106.45
29597,102.54
29601,103.52
29609,99.61
29613,82.03
29621,76.17
29625,72.27
29629,63.48
29638,59.57
29642,53.71
29646,50.78
29654,51.76
29658,49.80
29666,48.83
29670,44.92
29675,42.97
29683,42.97
29687,41.02
29695,40.04
29699,39.06
29703,40.04
29711,38.09
29715,38.09
29720,39.06
29728,39.06
29732,39.06
29740,38.09
29744,40.04
29748,41.02
29756,42.97
29761,43.95
29769,45.90
29773,48.83
29777,54.69
29785,59.57
29789,67.38
29797,78.12
29801,94.73
29806,93.75
29814,83.98
29818,85.94
29826,87.89
29830,91.80
29834,92.77
29842,99.61
29846,106.45
29850,113.28
29859,108.40
29863,104.49
29871,101.56
29875,104.49
29883,99.61
29888,98.63
29892,83.98
29900,75.20
29904,71.29
29908,66.41
29916,60.55
29920,54.69
29928,50.78
29933,48.83
29937,48.83
29945,48.83
29949,44.92
29957,43.95
29961,41.99
29965,40.04
29974,39.06
29978,39.06
29982,38.09
29990,38.09
29994,38.09
30002,37.11
30006,39.06
30010,38.09
30019,40.04
30023,40.04
30031,41.99
30035,42.97
30039,42.97
30047,47.85
30051,48.83
30059,52.73
30064,56.64
30068,65.43
30076,79.10
30080,90.82
30084,92.77
30092,88.87
30096,88.87
30104,86.91
30109,90.82
30109,93.75
30117,93.75
30121,107.42
30133,112.30
30137,111.33
30141,103.52
30150,103.52
30154,102.54
30162,105.47
30166,100.59
30174,90.82
30178,76.17
30182,72.27
30191,68.36
30195,64.45
30199,56.64
30207,52.73
30211,49.80
30219,48.83
30223,46.88
30227,43.95
30236,42.97
30240,41.02
30248,41.02
30252,39.06
30256,38.09
30264,39.06
30268,37.11
30273,38.09
30281,39.06
30285,37.11
30293,39.06
30297,37.11
30301,39.06
30309,41.02
30313,42.97
30322,43.95
30326,43.95
30330,46.88
30338,51.76
30342,58.59
30350,65.43
30354,76.17
30358,88.87
30367,93.75
30371,91.80
30375,89.84
30383,88.87
30387,88.87
30387,97.66
30395,99.61
30399,106.45
30412,110.35
30416,109.37
30424,106.45
30428,106.45
30436,101.56
30440,104.49
30445,101.56
30453,95.70
30457,77.15
30465,72.27
30469,66.41
30473,62.50
30481,54.69
30485,49.80
30489,47.85
30498,48.83
30502,46.88
30510,44.92
30514,43.95
30518,42.97
30526,41.99
30531,40.04
30539,39.06
30543,37.11
30547,37.11
30555,38.09
30559,38.09
30563,37.11
30572,37.11
30575,37.11
30584,37.11
30588,38.09
30592,38.09
30600,32.23
30604,27.34
30612,24.41
30617,21.48
30621,19.53
30629,17.58
30633,16.60
30641,15.63
30645,53.71
30649,69.34
30657,73.24
30661,79.10
30666,80.08
30674,85.94
30678,83.98
30686,93.75
30690,102.54
30694,105.47
30703,98.63
30707,98.63
30715,99.61
30719,101.56
30723,97.66
30731,93.75
30735,78.12
30743,68.36
30748,65.43
30752,57.62
30760,51.76
30764,48.83
30772,48.83
30776,41.99
30780,41.02
30789,41.02
30793,39.06
30797,37.11
30805,37.11
30809,36.13
30817,35.16
30821,35.16
30825,33.20
30834,35.16
30838,37.11
30846,36.13
30850,36.13
30854,37.11
30862,37.11
30866,38.09
30871,41.02
30879,40.04
30883,41.99
30891,43.95
30895,47.85
30899,49.80
30907,58.59
30911,67.38
30920,82.03
30924,92.77
30928,91.80
30936,86.91
30940,87.89
30948,84.96
30952,85.94
30956,92.77
30965,93.75
30969,104.49
30977,108.40
30981,104.49
30985,98.63
30993,101.56
30997,98.63
31005,97.66
31010,95.70
31014,81.05
31022,72.27
31026,65.43
31030,59.57
31038,57.62
31043,50.78
31051,46.88
31055,46.88
31059,44.92
31067,42.97
31071,41.99
31079,40.04
31083,39.06
31088,37.11
31096,38.09
31100,37.11
31104,37.11
31112,37.11
31116,37.11
31124,37.11
31129,36.13
31133,36.13
31141,39.06
31145,39.06
31153,39.06
31157,41.02
31161,43.95
31170,44.92
31174,46.88
31182,51.76
31186,55.66
31190,64.45
31198,74.22
31202,86.91
31206,90.82
31215,84.96
31219,84.96
31227,87.89
31231,89.84
31235,93.75
31243,90.82
31247,101.56
31256,104.49
31260,105.47
31264,94.73
31272,100.59
31276,100.59
31284,99.61
31288,97.66
31293,90.82
31301,77.15
31305,72.27
31313,68.36
31317,60.55
31321,53.71
31329,52.73
